-- MariaDB dump 10.19-11.2.2-MariaDB, for debian-linux-gnu (x86_64)
--
-- Host: localhost    Database: sffl
-- ------------------------------------------------------
-- Server version	11.2.2-MariaDB-1:11.2.2+maria~ubu2204

/*!40101 SET @OLD_CHARACTER_SET_CLIENT=@@CHARACTER_SET_CLIENT */;
/*!40101 SET @OLD_CHARACTER_SET_RESULTS=@@CHARACTER_SET_RESULTS */;
/*!40101 SET @OLD_COLLATION_CONNECTION=@@COLLATION_CONNECTION */;
/*!40101 SET NAMES utf8mb4 */;
/*!40103 SET @OLD_TIME_ZONE=@@TIME_ZONE */;
/*!40103 SET TIME_ZONE='+00:00' */;
/*!40014 SET @OLD_UNIQUE_CHECKS=@@UNIQUE_CHECKS, UNIQUE_CHECKS=0 */;
/*!40014 SET @OLD_FOREIGN_KEY_CHECKS=@@FOREIGN_KEY_CHECKS, FOREIGN_KEY_CHECKS=0 */;
/*!40101 SET @OLD_SQL_MODE=@@SQL_MODE, SQL_MODE='NO_AUTO_VALUE_ON_ZERO' */;
/*!40111 SET @OLD_SQL_NOTES=@@SQL_NOTES, SQL_NOTES=0 */;

--
-- Table structure for table `conferences`
--

DROP TABLE IF EXISTS `conferences`;
/*!40101 SET @saved_cs_client     = @@character_set_client */;
/*!40101 SET character_set_client = utf8 */;
CREATE TABLE `conferences` (
  `id` varchar(255) NOT NULL,
  `conference_name` varchar(255) NOT NULL,
  `created_at` timestamp NULL DEFAULT NULL,
  `updated_at` timestamp NULL DEFAULT NULL
) ENGINE=MyISAM DEFAULT CHARSET=utf8mb4 COLLATE=utf8mb4_unicode_ci;
/*!40101 SET character_set_client = @saved_cs_client */;

--
-- Dumping data for table `conferences`
--

LOCK TABLES `conferences` WRITE;
/*!40000 ALTER TABLE `conferences` DISABLE KEYS */;
INSERT INTO `conferences` VALUES
('AC','Avalos-Corona',NULL,NULL),
('UDC','U de Colima',NULL,NULL);
/*!40000 ALTER TABLE `conferences` ENABLE KEYS */;
UNLOCK TABLES;

--
-- Table structure for table `division_team`
--

DROP TABLE IF EXISTS `division_team`;
/*!40101 SET @saved_cs_client     = @@character_set_client */;
/*!40101 SET character_set_client = utf8 */;
CREATE TABLE `division_team` (
  `id` int(10) unsigned NOT NULL AUTO_INCREMENT,
  `team_id` varchar(255) NOT NULL,
  `division_id` varchar(255) NOT NULL,
  `season_id` varchar(255) NOT NULL,
  `created_at` timestamp NULL DEFAULT NULL,
  `updated_at` timestamp NULL DEFAULT NULL,
  PRIMARY KEY (`id`)
) ENGINE=MyISAM AUTO_INCREMENT=81 DEFAULT CHARSET=utf8mb4 COLLATE=utf8mb4_unicode_ci;
/*!40101 SET character_set_client = @saved_cs_client */;

--
-- Dumping data for table `division_team`
--

LOCK TABLES `division_team` WRITE;
/*!40000 ALTER TABLE `division_team` DISABLE KEYS */;
INSERT INTO `division_team` VALUES
(1,'PIR','AN','2020',NULL,NULL),
(2,'GAN','AN','2020',NULL,NULL),
(3,'CHA','AN','2020',NULL,NULL),
(4,'GT','AN','2020',NULL,NULL),
(5,'PAT','AS','2020',NULL,NULL),
(6,'GOA','AS','2020',NULL,NULL),
(7,'BRO','AS','2020',NULL,NULL),
(8,'SAL','AS','2020',NULL,NULL),
(9,'TRO','UN','2020',NULL,NULL),
(10,'VIL','UN','2020',NULL,NULL),
(11,'ARR','UN','2020',NULL,NULL),
(12,'SKY','UN','2020',NULL,NULL),
(13,'COL','US','2020',NULL,NULL),
(14,'TIZ','US','2020',NULL,NULL),
(15,'PD','US','2020',NULL,NULL),
(16,'CAF','US','2020',NULL,NULL),
(17,'PIR','AN2021','2021',NULL,NULL),
(18,'GAN','AN2021','2021',NULL,NULL),
(19,'CHA','AN2021','2021',NULL,NULL),
(20,'GT','AN2021','2021',NULL,NULL),
(21,'PAT','AS2021','2021',NULL,NULL),
(22,'GOA','AS2021','2021',NULL,NULL),
(23,'BRO','AS2021','2021',NULL,NULL),
(24,'SAL','AS2021','2021',NULL,NULL),
(25,'TRO','UN2021','2021',NULL,NULL),
(26,'VIL','UN2021','2021',NULL,NULL),
(27,'ARR','UN2021','2021',NULL,NULL),
(28,'SKY','UN2021','2021',NULL,NULL),
(29,'COL','US2021','2021',NULL,NULL),
(30,'TIZ','US2021','2021',NULL,NULL),
(31,'PD','US2021','2021',NULL,NULL),
(32,'CAF','US2021','2021',NULL,NULL),
(33,'PIR','AN2022','2022',NULL,NULL),
(34,'GAN','AN2022','2022',NULL,NULL),
(35,'CHA','AN2022','2022',NULL,NULL),
(36,'GT','AN2022','2022',NULL,NULL),
(37,'PAT','AS2022','2022',NULL,NULL),
(38,'GOA','AS2022','2022',NULL,NULL),
(39,'BRO','AS2022','2022',NULL,NULL),
(40,'SAL','AS2022','2022',NULL,NULL),
(41,'TRO','UN2022','2022',NULL,NULL),
(42,'VIL','UN2022','2022',NULL,NULL),
(43,'ARR','UN2022','2022',NULL,NULL),
(44,'GUE','UN2022','2022',NULL,NULL),
(45,'COL','US2022','2022',NULL,NULL),
(46,'TIZ','US2022','2022',NULL,NULL),
(47,'SKY','US2022','2022',NULL,NULL),
(48,'HAM','US2022','2022',NULL,NULL),
(49,'PIR','AN2023','2023',NULL,NULL),
(50,'GAN','AN2023','2023',NULL,NULL),
(51,'CHA','AN2023','2023',NULL,NULL),
(52,'GT','AN2023','2023',NULL,NULL),
(53,'PAT','AS2023','2023',NULL,NULL),
(54,'GOA','AS2023','2023',NULL,NULL),
(55,'BRO','AS2023','2023',NULL,NULL),
(56,'SAL','AS2023','2023',NULL,NULL),
(57,'TRO','UN2023','2023',NULL,NULL),
(58,'VIL','UN2023','2023',NULL,NULL),
(59,'ARR','UN2023','2023',NULL,NULL),
(60,'GUE','UN2023','2023',NULL,NULL),
(61,'COL','US2023','2023',NULL,NULL),
(62,'TIZ','US2023','2023',NULL,NULL),
(63,'SKY','US2023','2023',NULL,NULL),
(64,'HAM','US2023','2023',NULL,NULL),
(65,'PIR','AN2024','2024',NULL,NULL),
(66,'GAN','AN2024','2024',NULL,NULL),
(67,'CHA','AN2024','2024',NULL,NULL),
(68,'GT','AN2024','2024',NULL,NULL),
(69,'PAT','AS2024','2024',NULL,NULL),
(70,'GOA','AS2024','2024',NULL,NULL),
(71,'BRO','AS2024','2024',NULL,NULL),
(72,'SAL','AS2024','2024',NULL,NULL),
(73,'TRO','UN2024','2024',NULL,NULL),
(74,'VIL','UN2024','2024',NULL,NULL),
(75,'ARR','UN2024','2024',NULL,NULL),
(76,'GUE','UN2024','2024',NULL,NULL),
(77,'COL','US2024','2024',NULL,NULL),
(78,'TIZ','US2024','2024',NULL,NULL),
(79,'SKY','US2024','2024',NULL,NULL),
(80,'HAM','US2024','2024',NULL,NULL);
/*!40000 ALTER TABLE `division_team` ENABLE KEYS */;
UNLOCK TABLES;

--
-- Table structure for table `divisions`
--

DROP TABLE IF EXISTS `divisions`;
/*!40101 SET @saved_cs_client     = @@character_set_client */;
/*!40101 SET character_set_client = utf8 */;
CREATE TABLE `divisions` (
  `id` varchar(255) NOT NULL,
  `division_name` varchar(255) NOT NULL,
  `conference_id` varchar(255) NOT NULL,
  `season_id` smallint(6) DEFAULT NULL,
  `created_at` timestamp NULL DEFAULT NULL,
  `updated_at` timestamp NULL DEFAULT NULL
) ENGINE=MyISAM DEFAULT CHARSET=utf8mb4 COLLATE=utf8mb4_unicode_ci;
/*!40101 SET character_set_client = @saved_cs_client */;

--
-- Dumping data for table `divisions`
--

LOCK TABLES `divisions` WRITE;
/*!40000 ALTER TABLE `divisions` DISABLE KEYS */;
INSERT INTO `divisions` VALUES
('AN','AC Norte','AC',2020,NULL,NULL),
('AS','AC Sur','AC',2020,NULL,NULL),
('UN','UDC Norte','UDC',2020,NULL,NULL),
('US','UDC Sur','UDC',2020,NULL,NULL),
('AN2021','AC Norte','AC',2021,NULL,NULL),
('AS2021','AC Sur','AC',2021,NULL,NULL),
('UN2021','UDC Norte','UDC',2021,NULL,NULL),
('US2021','UDC Sur','UDC',2021,NULL,NULL),
('AN2022','AC Norte','AC',2022,NULL,NULL),
('AS2022','AC Sur','AC',2022,NULL,NULL),
('UN2022','UDC Norte','UDC',2022,NULL,NULL),
('US2022','UDC Sur','UDC',2022,NULL,NULL),
('AN2023','AC Norte','AC',2023,NULL,NULL),
('AS2023','AC Sur','AC',2023,NULL,NULL),
('UN2023','UDC Norte','UDC',2023,NULL,NULL),
('US2023','UDC Sur','UDC',2023,NULL,NULL),
('AN2024','AC Norte','AC',2024,NULL,NULL),
('AS2024','AC Sur','AC',2024,NULL,NULL),
('UN2024','UDC Norte','UDC',2024,NULL,NULL),
('US2024','UDC Sur','UDC',2024,NULL,NULL);
/*!40000 ALTER TABLE `divisions` ENABLE KEYS */;
UNLOCK TABLES;

--
-- Table structure for table `extra_conference_rivals`
--

DROP TABLE IF EXISTS `extra_conference_rivals`;
/*!40101 SET @saved_cs_client     = @@character_set_client */;
/*!40101 SET character_set_client = utf8 */;
CREATE TABLE `extra_conference_rivals` (
  `season_id` smallint(6) DEFAULT NULL,
  `ac_division` varchar(255) DEFAULT NULL,
  `uc_division` varchar(255) DEFAULT NULL
) ENGINE=InnoDB DEFAULT CHARSET=latin1 COLLATE=latin1_swedish_ci;
/*!40101 SET character_set_client = @saved_cs_client */;

--
-- Dumping data for table `extra_conference_rivals`
--

LOCK TABLES `extra_conference_rivals` WRITE;
/*!40000 ALTER TABLE `extra_conference_rivals` DISABLE KEYS */;
INSERT INTO `extra_conference_rivals` VALUES
(2020,'AN','US'),
(2020,'AS','UN'),
(2021,'AN2021','UN2021'),
(2021,'AS2021','US2021'),
(2022,'AN2022','US2022'),
(2022,'AS2022','UN2022'),
(2023,'AN2023','UN2023'),
(2023,'AS2023','US2023'),
(2024,'AN2024','US2024'),
(2024,'AS2024','UN2024');
/*!40000 ALTER TABLE `extra_conference_rivals` ENABLE KEYS */;
UNLOCK TABLES;

--
-- Table structure for table `franchise_changes`
--

DROP TABLE IF EXISTS `franchise_changes`;
/*!40101 SET @saved_cs_client     = @@character_set_client */;
/*!40101 SET character_set_client = utf8 */;
CREATE TABLE `franchise_changes` (
  `id` smallint(5) unsigned NOT NULL,
  `franchise_id` varchar(3) DEFAULT NULL,
  `new_name` varchar(255) DEFAULT NULL,
  `new_city` varchar(255) DEFAULT NULL,
  `new_initials` varchar(3) DEFAULT NULL,
  `new_logo` varchar(255) DEFAULT NULL,
  `season_start` smallint(6) DEFAULT NULL,
  PRIMARY KEY (`id`)
) ENGINE=InnoDB DEFAULT CHARSET=latin1 COLLATE=latin1_swedish_ci;
/*!40101 SET character_set_client = @saved_cs_client */;

--
-- Dumping data for table `franchise_changes`
--

LOCK TABLES `franchise_changes` WRITE;
/*!40000 ALTER TABLE `franchise_changes` DISABLE KEYS */;
INSERT INTO `franchise_changes` VALUES
(1,'TRO','Volcanes','Colima','VOL','',2010),
(2,'GT','Gallotes Machos','','GM','',2012),
(3,'RUD','Piratas Sexosos','','PS','',2008),
(4,'RUD','Rudos','','RUD','',2009),
(5,'PAT','Pats','','PAT','',2017),
(6,'PD','PAT\'sIDIFUSOS','San Cuilmas','PD','',2018);
/*!40000 ALTER TABLE `franchise_changes` ENABLE KEYS */;
UNLOCK TABLES;

--
-- Table structure for table `franchises`
--

DROP TABLE IF EXISTS `franchises`;
/*!40101 SET @saved_cs_client     = @@character_set_client */;
/*!40101 SET character_set_client = utf8 */;
CREATE TABLE `franchises` (
  `id` varchar(3) NOT NULL,
  `name` varchar(255) NOT NULL,
  `city` varchar(255) NOT NULL,
  `short_name` varchar(255) NOT NULL,
  `first_season` smallint(6) DEFAULT NULL,
  `last_season` smallint(6) DEFAULT NULL,
  `owner_id` varchar(255) DEFAULT NULL,
  PRIMARY KEY (`id`)
) ENGINE=InnoDB DEFAULT CHARSET=latin1 COLLATE=latin1_swedish_ci;
/*!40101 SET character_set_client = @saved_cs_client */;

--
-- Dumping data for table `franchises`
--

LOCK TABLES `franchises` WRITE;
/*!40000 ALTER TABLE `franchises` DISABLE KEYS */;
INSERT INTO `franchises` VALUES
('ARR','Arrabales','San Casteabro','Arrabales',2015,0,'Aurelio\r'),
('BRO','Broncos','Colima','Broncos',2017,0,'Remo\r'),
('CA','Charal Asesino','Chapala','Charal',2005,2015,'Isaac\r'),
('CAF','Cafes','Comala','Cafes',2018,0,'Rente\r'),
('CB','Cafebots','Comala','Cafebots',2017,2017,'bot\r'),
('CHA','Chaviteros Guapos','Santiaguito','Chaviteros',2005,0,'Arturo\r'),
('CHR','Charros','Guadalajara','Charros',2008,2009,'Victor\r'),
('CLI','Clippys','Albarrada','Clippys',2017,2017,'bot\r'),
('COL','Collimanes','Colima','Collimanes',2005,0,'Rafael\r'),
('FLO','Florecitas','Guadalajara','Florecitas',2006,2007,'Gaby\r'),
('GAN','Ganaderos','U.A. Tepame','Ganaderos',2005,0,'Fernando\r'),
('GOA','GOATs','Boston','GOATs',2017,0,'Adriel\r'),
('GT','Gallos Tronados','Cajititlán','Gallos',2005,0,'Checo\r'),
('GUE','Guerreros','San Casmeo','Guerreros',2005,2015,'Miki\r'),
('HAM','Hammers','Zapopan','Hammers',2022,0,'Picuno'),
('PAT','Charal Asesino','Chapala','Charal',2016,0,'Diego\r'),
('PD','Guerreros','San Casmeo','Guerreros',2016,0,'Jesus Paz\r'),
('PIR','Piratas','V. de Alvarez','Piratas',2005,0,'Luis Miguel\r'),
('PUM','Pumas','UdeC','Pumas',2005,2005,'Hugo B\r'),
('RH','Rompehuesos','Coquimatlán','Rompehuesos',2007,2008,'Fernanda\r'),
('RUD','Rudos','Zapopan','Rudos',2007,2014,'Juan R\r'),
('SAL','Salsas','La capacha','Salsas',2005,0,'Andres\r'),
('SKY','Skywalkers','Tatooine','Skywalkers',2018,0,'Carlos Rodriguez'),
('TIZ','Tiznados','Colima','Tiznados',2005,0,'Edgar\r'),
('TRO','Trojans','Mexico City','Trojans',2009,0,'Domingo\r'),
('VIL','Villains','Colima','Villains',2010,0,'Angel\r');
/*!40000 ALTER TABLE `franchises` ENABLE KEYS */;
UNLOCK TABLES;

--
-- Table structure for table `logos`
--

DROP TABLE IF EXISTS `logos`;
/*!40101 SET @saved_cs_client     = @@character_set_client */;
/*!40101 SET character_set_client = utf8 */;
CREATE TABLE `logos` (
  `id` int(10) unsigned NOT NULL AUTO_INCREMENT,
  `logo_path` varchar(255) NOT NULL,
  `logoable_id` varchar(255) NOT NULL,
  `logoable_type` varchar(255) NOT NULL,
  `created_at` timestamp NULL DEFAULT NULL,
  `updated_at` timestamp NULL DEFAULT NULL,
  PRIMARY KEY (`id`)
) ENGINE=MyISAM AUTO_INCREMENT=7 DEFAULT CHARSET=utf8mb4 COLLATE=utf8mb4_unicode_ci;
/*!40101 SET character_set_client = @saved_cs_client */;

--
-- Dumping data for table `logos`
--

LOCK TABLES `logos` WRITE;
/*!40000 ALTER TABLE `logos` DISABLE KEYS */;
INSERT INTO `logos` VALUES
(1,'teams/PIR.jpg','PIR','App\\Team',NULL,NULL),
(2,'teams/CHA.jpg','CHA','App\\Team',NULL,NULL),
(3,'divisions/US.gif','US','App\\Division',NULL,NULL),
(4,'divisions/AN.gif','AN','App\\Division',NULL,NULL),
(5,'conferences/AC.gif','AC','App\\Conference',NULL,NULL),
(6,'conferences/UDC.gif','UDC','App\\Conference',NULL,NULL);
/*!40000 ALTER TABLE `logos` ENABLE KEYS */;
UNLOCK TABLES;

--
-- Table structure for table `matches`
--

DROP TABLE IF EXISTS `matches`;
/*!40101 SET @saved_cs_client     = @@character_set_client */;
/*!40101 SET character_set_client = utf8 */;
CREATE TABLE `matches` (
  `season_id` smallint(6) DEFAULT NULL,
  `week` tinyint(4) DEFAULT NULL,
  `guest_team` varchar(3) DEFAULT NULL,
  `home_team` varchar(3) DEFAULT NULL,
  `guest_starters_score` tinyint(3) unsigned DEFAULT NULL,
  `home_starters_score` tinyint(3) unsigned DEFAULT NULL,
  `match_type` enum('SEASON','DIVISIONAL','CONFERENCE_FINAL','NOPAL_BOWL','ROUND1','ROUND2','WILDCARD') DEFAULT NULL,
  `end_type` enum('REGULAR','BENCH','TIE') DEFAULT NULL,
  `guest_bench_score` tinyint(3) unsigned DEFAULT NULL,
  `home_bench_score` tinyint(3) unsigned DEFAULT NULL,
  `final_winner` enum('HOME','GUEST','TIE') DEFAULT NULL,
  `home_advantage` enum('Y','N') DEFAULT NULL
) ENGINE=InnoDB DEFAULT CHARSET=latin1 COLLATE=latin1_swedish_ci;
/*!40101 SET character_set_client = @saved_cs_client */;

--
-- Dumping data for table `matches`
--

LOCK TABLES `matches` WRITE;
/*!40000 ALTER TABLE `matches` DISABLE KEYS */;
INSERT INTO `matches` VALUES
(2020,1,'SKY','VIL',56,47,'SEASON','REGULAR',NULL,NULL,'GUEST','Y'),
(2020,1,'PD','TIZ',40,52,'SEASON','REGULAR',NULL,NULL,'HOME','Y'),
(2020,1,'PIR','BRO',42,46,'SEASON','REGULAR',NULL,NULL,'HOME','Y'),
(2020,1,'GAN','PAT',44,47,'SEASON','REGULAR',NULL,NULL,'HOME','Y'),
(2020,1,'CHA','GOA',37,45,'SEASON','REGULAR',NULL,NULL,'HOME','Y'),
(2020,1,'ARR','COL',30,46,'SEASON','REGULAR',NULL,NULL,'HOME','Y'),
(2020,1,'CAF','GT',29,63,'SEASON','REGULAR',NULL,NULL,'HOME','Y'),
(2020,1,'TRO','SAL',43,62,'SEASON','REGULAR',NULL,NULL,'HOME','Y'),
(2020,2,'GT','CHA',31,51,'SEASON','REGULAR',NULL,NULL,'HOME','Y'),
(2020,2,'GOA','BRO',37,53,'SEASON','REGULAR',NULL,NULL,'HOME','Y'),
(2020,2,'VIL','TRO',37,55,'SEASON','REGULAR',NULL,NULL,'HOME','Y'),
(2020,2,'CAF','COL',38,45,'SEASON','REGULAR',NULL,NULL,'HOME','Y'),
(2020,2,'PIR','PAT',37,30,'SEASON','REGULAR',NULL,NULL,'GUEST','Y'),
(2020,2,'SKY','TIZ',40,53,'SEASON','REGULAR',NULL,NULL,'HOME','Y'),
(2020,2,'GAN','PD',67,43,'SEASON','REGULAR',NULL,NULL,'GUEST','Y'),
(2020,2,'SAL','ARR',75,51,'SEASON','REGULAR',NULL,NULL,'GUEST','Y'),
(2020,3,'GAN','PIR',33,61,'SEASON','REGULAR',NULL,NULL,'HOME','Y'),
(2020,3,'PAT','GOA',38,37,'SEASON','REGULAR',NULL,NULL,'GUEST','Y'),
(2020,3,'TRO','ARR',57,41,'SEASON','REGULAR',NULL,NULL,'GUEST','Y'),
(2020,3,'TIZ','CAF',36,53,'SEASON','REGULAR',NULL,NULL,'HOME','Y'),
(2020,3,'CHA','SAL',75,75,'SEASON','BENCH',25,10,'GUEST','Y'),
(2020,3,'PD','SKY',35,42,'SEASON','REGULAR',NULL,NULL,'HOME','Y'),
(2020,3,'GT','COL',41,60,'SEASON','REGULAR',NULL,NULL,'HOME','Y'),
(2020,3,'BRO','VIL',55,34,'SEASON','REGULAR',NULL,NULL,'GUEST','Y'),
(2020,4,'SAL','BRO',52,60,'SEASON','REGULAR',NULL,NULL,'HOME','Y'),
(2020,4,'SKY','TRO',17,58,'SEASON','REGULAR',NULL,NULL,'HOME','Y'),
(2020,4,'VIL','ARR',40,53,'SEASON','REGULAR',NULL,NULL,'HOME','Y'),
(2020,4,'COL','TIZ',38,46,'SEASON','REGULAR',NULL,NULL,'HOME','Y'),
(2020,4,'GOA','GAN',39,37,'SEASON','REGULAR',NULL,NULL,'GUEST','Y'),
(2020,4,'PAT','CHA',32,43,'SEASON','REGULAR',NULL,NULL,'HOME','Y'),
(2020,4,'PIR','CAF',47,32,'SEASON','REGULAR',NULL,NULL,'GUEST','Y'),
(2020,4,'PD','GT',27,51,'SEASON','REGULAR',NULL,NULL,'HOME','Y'),
(2020,5,'CHA','PIR',51,44,'SEASON','REGULAR',NULL,NULL,'GUEST','Y'),
(2020,5,'TIZ','PD',24,43,'SEASON','REGULAR',NULL,NULL,'HOME','Y'),
(2020,5,'BRO','GT',19,48,'SEASON','REGULAR',NULL,NULL,'HOME','Y'),
(2020,5,'COL','TRO',35,31,'SEASON','REGULAR',NULL,NULL,'GUEST','Y'),
(2020,5,'GAN','CAF',67,39,'SEASON','REGULAR',NULL,NULL,'GUEST','Y'),
(2020,5,'ARR','PAT',38,37,'SEASON','REGULAR',NULL,NULL,'GUEST','Y'),
(2020,5,'GOA','SKY',25,42,'SEASON','REGULAR',NULL,NULL,'HOME','Y'),
(2020,5,'VIL','SAL',40,52,'SEASON','REGULAR',NULL,NULL,'HOME','Y'),
(2020,6,'GAN','CHA',49,31,'SEASON','REGULAR',NULL,NULL,'GUEST','Y'),
(2020,6,'PAT','SAL',22,22,'SEASON','BENCH',24,20,'GUEST','Y'),
(2020,6,'ARR','SKY',36,22,'SEASON','REGULAR',NULL,NULL,'GUEST','Y'),
(2020,6,'PD','COL',40,43,'SEASON','REGULAR',NULL,NULL,'HOME','Y'),
(2020,6,'GOA','PIR',37,21,'SEASON','REGULAR',NULL,NULL,'GUEST','Y'),
(2020,6,'VIL','CAF',49,37,'SEASON','REGULAR',NULL,NULL,'GUEST','Y'),
(2020,6,'GT','TIZ',45,45,'SEASON','BENCH',36,28,'GUEST','Y'),
(2020,6,'BRO','TRO',26,47,'SEASON','REGULAR',NULL,NULL,'HOME','Y'),
(2020,7,'PIR','GT',46,16,'SEASON','REGULAR',NULL,NULL,'GUEST','Y'),
(2020,7,'COL','CAF',32,62,'SEASON','REGULAR',NULL,NULL,'HOME','Y'),
(2020,7,'SAL','GAN',42,51,'SEASON','REGULAR',NULL,NULL,'HOME','Y'),
(2020,7,'BRO','CHA',36,44,'SEASON','REGULAR',NULL,NULL,'HOME','Y'),
(2020,7,'TIZ','TRO',42,40,'SEASON','REGULAR',NULL,NULL,'GUEST','Y'),
(2020,7,'PD','ARR',33,37,'SEASON','REGULAR',NULL,NULL,'HOME','Y'),
(2020,7,'SKY','PAT',27,36,'SEASON','REGULAR',NULL,NULL,'HOME','Y'),
(2020,7,'VIL','GOA',35,63,'SEASON','REGULAR',NULL,NULL,'HOME','Y'),
(2020,8,'GAN','BRO',32,37,'SEASON','REGULAR',NULL,NULL,'HOME','Y'),
(2020,8,'GT','SAL',45,42,'SEASON','REGULAR',NULL,NULL,'GUEST','Y'),
(2020,8,'ARR','TIZ',27,42,'SEASON','REGULAR',NULL,NULL,'HOME','Y'),
(2020,8,'CAF','SKY',26,41,'SEASON','REGULAR',NULL,NULL,'HOME','Y'),
(2020,8,'PIR','PD',30,29,'SEASON','REGULAR',NULL,NULL,'GUEST','Y'),
(2020,8,'CHA','COL',65,37,'SEASON','REGULAR',NULL,NULL,'GUEST','Y'),
(2020,8,'PAT','VIL',34,50,'SEASON','REGULAR',NULL,NULL,'HOME','Y'),
(2020,8,'TRO','GOA',40,55,'SEASON','REGULAR',NULL,NULL,'HOME','Y'),
(2020,9,'PIR','GAN',42,44,'SEASON','REGULAR',NULL,NULL,'HOME','Y'),
(2020,9,'CHA','GT',40,40,'SEASON','BENCH',8,13,'HOME','Y'),
(2020,9,'GOA','SAL',36,38,'SEASON','REGULAR',NULL,NULL,'HOME','Y'),
(2020,9,'CAF','PD',7,50,'SEASON','REGULAR',NULL,NULL,'HOME','Y'),
(2020,9,'TIZ','VIL',42,48,'SEASON','REGULAR',NULL,NULL,'HOME','Y'),
(2020,9,'SKY','COL',57,37,'SEASON','REGULAR',NULL,NULL,'GUEST','Y'),
(2020,9,'PAT','TRO',31,23,'SEASON','REGULAR',NULL,NULL,'GUEST','Y'),
(2020,9,'ARR','BRO',26,39,'SEASON','REGULAR',NULL,NULL,'HOME','Y'),
(2020,10,'SAL','PIR',23,39,'SEASON','REGULAR',NULL,NULL,'HOME','Y'),
(2020,10,'PAT','GT',36,50,'SEASON','REGULAR',NULL,NULL,'HOME','Y'),
(2020,10,'TRO','CAF',31,30,'SEASON','REGULAR',NULL,NULL,'GUEST','Y'),
(2020,10,'COL','VIL',30,49,'SEASON','REGULAR',NULL,NULL,'HOME','Y'),
(2020,10,'TIZ','GAN',33,38,'SEASON','REGULAR',NULL,NULL,'HOME','Y'),
(2020,10,'PD','CHA',35,36,'SEASON','REGULAR',NULL,NULL,'HOME','Y'),
(2020,10,'GOA','ARR',32,31,'SEASON','REGULAR',NULL,NULL,'GUEST','Y'),
(2020,10,'SKY','BRO',53,47,'SEASON','REGULAR',NULL,NULL,'GUEST','Y'),
(2020,11,'BRO','PAT',37,37,'SEASON','BENCH',25,10,'GUEST','Y'),
(2020,11,'ARR','VIL',35,58,'SEASON','REGULAR',NULL,NULL,'HOME','Y'),
(2020,11,'GT','GOA',44,38,'SEASON','REGULAR',NULL,NULL,'GUEST','Y'),
(2020,11,'TRO','PD',35,31,'SEASON','REGULAR',NULL,NULL,'GUEST','Y'),
(2020,11,'TIZ','PIR',31,33,'SEASON','REGULAR',NULL,NULL,'HOME','Y'),
(2020,11,'COL','GAN',29,50,'SEASON','REGULAR',NULL,NULL,'HOME','Y'),
(2020,11,'CAF','CHA',39,38,'SEASON','REGULAR',NULL,NULL,'GUEST','Y'),
(2020,11,'SAL','SKY',43,51,'SEASON','REGULAR',NULL,NULL,'HOME','Y'),
(2020,12,'GT','GAN',28,43,'SEASON','REGULAR',NULL,NULL,'HOME','Y'),
(2020,12,'SAL','PAT',28,34,'SEASON','REGULAR',NULL,NULL,'HOME','Y'),
(2020,12,'BRO','GOA',54,50,'SEASON','REGULAR',NULL,NULL,'GUEST','Y'),
(2020,12,'TRO','SKY',34,43,'SEASON','REGULAR',NULL,NULL,'HOME','Y'),
(2020,12,'VIL','PD',79,26,'SEASON','REGULAR',NULL,NULL,'GUEST','Y'),
(2020,12,'CAF','ARR',39,51,'SEASON','REGULAR',NULL,NULL,'HOME','Y'),
(2020,12,'COL','PIR',47,65,'SEASON','REGULAR',NULL,NULL,'HOME','Y'),
(2020,12,'CHA','TIZ',62,25,'SEASON','REGULAR',NULL,NULL,'GUEST','Y'),
(2020,13,'GT','PIR',32,55,'SEASON','REGULAR',NULL,NULL,'HOME','Y'),
(2020,13,'CHA','GAN',41,41,'SEASON','BENCH',2,41,'HOME','Y'),
(2020,13,'SAL','GOA',36,51,'SEASON','REGULAR',NULL,NULL,'HOME','Y'),
(2020,13,'PAT','BRO',19,48,'SEASON','REGULAR',NULL,NULL,'HOME','Y'),
(2020,13,'ARR','TRO',40,44,'SEASON','REGULAR',NULL,NULL,'HOME','Y'),
(2020,13,'VIL','SKY',35,40,'SEASON','REGULAR',NULL,NULL,'HOME','Y'),
(2020,13,'CAF','TIZ',33,37,'SEASON','REGULAR',NULL,NULL,'HOME','Y'),
(2020,13,'COL','PD',39,38,'SEASON','REGULAR',NULL,NULL,'GUEST','Y'),
(2020,14,'PIR','CHA',61,54,'SEASON','REGULAR',NULL,NULL,'GUEST','Y'),
(2020,14,'GAN','GT',29,49,'SEASON','REGULAR',NULL,NULL,'HOME','Y'),
(2020,14,'GOA','PAT',45,21,'SEASON','REGULAR',NULL,NULL,'GUEST','Y'),
(2020,14,'BRO','SAL',42,53,'SEASON','REGULAR',NULL,NULL,'HOME','Y'),
(2020,14,'TRO','VIL',27,47,'SEASON','REGULAR',NULL,NULL,'HOME','Y'),
(2020,14,'SKY','ARR',36,48,'SEASON','REGULAR',NULL,NULL,'HOME','Y'),
(2020,14,'TIZ','COL',32,49,'SEASON','REGULAR',NULL,NULL,'HOME','Y'),
(2020,14,'PD','CAF',30,30,'SEASON','BENCH',1,47,'HOME','Y'),
(2020,15,'GT','PIR',50,40,'DIVISIONAL','REGULAR',NULL,NULL,'GUEST','Y'),
(2020,15,'GAN','BRO',56,39,'DIVISIONAL','REGULAR',NULL,NULL,'GUEST','Y'),
(2020,15,'VIL','COL',48,61,'DIVISIONAL','REGULAR',NULL,NULL,'HOME','Y'),
(2020,15,'TRO','SKY',34,38,'DIVISIONAL','REGULAR',NULL,NULL,'HOME','Y'),
(2020,16,'GT','GAN',37,47,'CONFERENCE_FINAL','REGULAR',NULL,NULL,'HOME','Y'),
(2020,16,'COL','SKY',45,41,'CONFERENCE_FINAL','REGULAR',NULL,NULL,'GUEST','Y'),
(2020,17,'GAN','COL',65,44,'NOPAL_BOWL','REGULAR',NULL,NULL,'GUEST','N'),
(2021,1,'GAN','CHA',35,51,'SEASON','REGULAR',NULL,NULL,'HOME','Y'),
(2021,1,'VIL','TRO',49,40,'SEASON','REGULAR',NULL,NULL,'GUEST','Y'),
(2021,1,'ARR','SKY',48,50,'SEASON','REGULAR',NULL,NULL,'HOME','Y'),
(2021,1,'PD','TIZ',56,35,'SEASON','REGULAR',NULL,NULL,'GUEST','Y'),
(2021,1,'PIR','SAL',27,57,'SEASON','REGULAR',NULL,NULL,'HOME','Y'),
(2021,1,'GT','BRO',44,54,'SEASON','REGULAR',NULL,NULL,'HOME','Y'),
(2021,1,'CAF','PAT',40,45,'SEASON','REGULAR',NULL,NULL,'HOME','Y'),
(2021,1,'COL','GOA',22,41,'SEASON','REGULAR',NULL,NULL,'HOME','Y'),
(2021,2,'GOA','SAL',39,69,'SEASON','REGULAR',NULL,NULL,'HOME','Y'),
(2021,2,'ARR','VIL',49,60,'SEASON','REGULAR',NULL,NULL,'HOME','Y'),
(2021,2,'COL','TIZ',37,24,'SEASON','REGULAR',NULL,NULL,'GUEST','Y'),
(2021,2,'CAF','PD',37,66,'SEASON','REGULAR',NULL,NULL,'HOME','Y'),
(2021,2,'PAT','GAN',28,51,'SEASON','REGULAR',NULL,NULL,'HOME','Y'),
(2021,2,'CHA','BRO',37,48,'SEASON','REGULAR',NULL,NULL,'HOME','Y'),
(2021,2,'PIR','SKY',28,50,'SEASON','REGULAR',NULL,NULL,'HOME','Y'),
(2021,2,'GT','TRO',49,53,'SEASON','REGULAR',NULL,NULL,'HOME','Y'),
(2021,3,'PIR','GAN',47,57,'SEASON','REGULAR',NULL,NULL,'HOME','Y'),
(2021,3,'GOA','BRO',45,47,'SEASON','REGULAR',NULL,NULL,'HOME','Y'),
(2021,3,'CAF','VIL',38,49,'SEASON','REGULAR',NULL,NULL,'HOME','Y'),
(2021,3,'COL','SKY',35,64,'SEASON','REGULAR',NULL,NULL,'HOME','Y'),
(2021,3,'CHA','TRO',55,36,'SEASON','REGULAR',NULL,NULL,'GUEST','Y'),
(2021,3,'ARR','GT',31,35,'SEASON','REGULAR',NULL,NULL,'HOME','Y'),
(2021,3,'PAT','TIZ',50,26,'SEASON','REGULAR',NULL,NULL,'GUEST','Y'),
(2021,3,'SAL','PD',44,44,'SEASON','BENCH',21,22,'HOME','Y'),
(2021,4,'TRO','SKY',45,33,'SEASON','REGULAR',NULL,NULL,'GUEST','Y'),
(2021,4,'TIZ','CAF',35,56,'SEASON','REGULAR',NULL,NULL,'HOME','Y'),
(2021,4,'BRO','PIR',34,40,'SEASON','REGULAR',NULL,NULL,'HOME','Y'),
(2021,4,'SAL','CHA',49,43,'SEASON','REGULAR',NULL,NULL,'GUEST','Y'),
(2021,4,'GT','PAT',46,46,'SEASON','BENCH',25,4,'GUEST','Y'),
(2021,4,'COL','ARR',37,29,'SEASON','REGULAR',NULL,NULL,'GUEST','Y'),
(2021,4,'VIL','GAN',39,42,'SEASON','REGULAR',NULL,NULL,'HOME','Y'),
(2021,4,'GOA','PD',53,28,'SEASON','REGULAR',NULL,NULL,'GUEST','Y'),
(2021,5,'CHA','PIR',62,42,'SEASON','REGULAR',NULL,NULL,'GUEST','Y'),
(2021,5,'GT','GAN',42,26,'SEASON','REGULAR',NULL,NULL,'GUEST','Y'),
(2021,5,'BRO','GOA',41,74,'SEASON','REGULAR',NULL,NULL,'HOME','Y'),
(2021,5,'PAT','SAL',69,49,'SEASON','REGULAR',NULL,NULL,'GUEST','Y'),
(2021,5,'TRO','COL',41,38,'SEASON','REGULAR',NULL,NULL,'GUEST','Y'),
(2021,5,'PD','VIL',49,71,'SEASON','REGULAR',NULL,NULL,'HOME','Y'),
(2021,5,'TIZ','ARR',36,38,'SEASON','REGULAR',NULL,NULL,'HOME','Y'),
(2021,5,'SKY','CAF',39,40,'SEASON','REGULAR',NULL,NULL,'HOME','Y'),
(2021,6,'SAL','BRO',29,41,'SEASON','REGULAR',NULL,NULL,'HOME','Y'),
(2021,6,'VIL','ARR',37,39,'SEASON','REGULAR',NULL,NULL,'HOME','Y'),
(2021,6,'TIZ','PD',30,50,'SEASON','REGULAR',NULL,NULL,'HOME','Y'),
(2021,6,'COL','CAF',32,42,'SEASON','REGULAR',NULL,NULL,'HOME','Y'),
(2021,6,'CHA','PAT',44,41,'SEASON','REGULAR',NULL,NULL,'GUEST','Y'),
(2021,6,'GOA','GT',58,40,'SEASON','REGULAR',NULL,NULL,'GUEST','Y'),
(2021,6,'TRO','PIR',49,36,'SEASON','REGULAR',NULL,NULL,'GUEST','Y'),
(2021,6,'GAN','SKY',31,63,'SEASON','REGULAR',NULL,NULL,'HOME','Y'),
(2021,7,'PAT','GOA',22,36,'SEASON','REGULAR',NULL,NULL,'HOME','Y'),
(2021,7,'PD','COL',40,26,'SEASON','REGULAR',NULL,NULL,'GUEST','Y'),
(2021,7,'BRO','GAN',18,43,'SEASON','REGULAR',NULL,NULL,'HOME','Y'),
(2021,7,'TRO','TIZ',48,22,'SEASON','REGULAR',NULL,NULL,'GUEST','Y'),
(2021,7,'VIL','PIR',54,42,'SEASON','REGULAR',NULL,NULL,'GUEST','Y'),
(2021,7,'ARR','CHA',55,50,'SEASON','REGULAR',NULL,NULL,'GUEST','Y'),
(2021,7,'SKY','GT',50,30,'SEASON','REGULAR',NULL,NULL,'GUEST','Y'),
(2021,7,'SAL','CAF',21,29,'SEASON','REGULAR',NULL,NULL,'HOME','Y'),
(2021,8,'CHA','GT',38,28,'SEASON','REGULAR',NULL,NULL,'GUEST','Y'),
(2021,8,'SKY','TRO',36,45,'SEASON','REGULAR',NULL,NULL,'HOME','Y'),
(2021,8,'PAT','PIR',40,50,'SEASON','REGULAR',NULL,NULL,'HOME','Y'),
(2021,8,'GAN','GOA',36,55,'SEASON','REGULAR',NULL,NULL,'HOME','Y'),
(2021,8,'VIL','TIZ',21,29,'SEASON','REGULAR',NULL,NULL,'HOME','Y'),
(2021,8,'ARR','PD',46,28,'SEASON','REGULAR',NULL,NULL,'GUEST','Y'),
(2021,8,'CAF','BRO',16,32,'SEASON','REGULAR',NULL,NULL,'HOME','Y'),
(2021,8,'COL','SAL',52,18,'SEASON','REGULAR',NULL,NULL,'GUEST','Y'),
(2021,9,'PIR','GOA',45,48,'SEASON','REGULAR',NULL,NULL,'HOME','Y'),
(2021,9,'CAF','TRO',24,25,'SEASON','REGULAR',NULL,NULL,'HOME','Y'),
(2021,9,'GAN','ARR',32,54,'SEASON','REGULAR',NULL,NULL,'HOME','Y'),
(2021,9,'SKY','CHA',35,23,'SEASON','REGULAR',NULL,NULL,'GUEST','Y'),
(2021,9,'GT','VIL',46,27,'SEASON','REGULAR',NULL,NULL,'GUEST','Y'),
(2021,9,'PD','PAT',23,50,'SEASON','REGULAR',NULL,NULL,'HOME','Y'),
(2021,9,'BRO','COL',24,41,'SEASON','REGULAR',NULL,NULL,'HOME','Y'),
(2021,9,'TIZ','SAL',15,15,'SEASON','BENCH',4,26,'HOME','Y'),
(2021,10,'PIR','GT',16,49,'SEASON','REGULAR',NULL,NULL,'HOME','Y'),
(2021,10,'BRO','PAT',39,31,'SEASON','REGULAR',NULL,NULL,'GUEST','Y'),
(2021,10,'GAN','SAL',32,13,'SEASON','REGULAR',NULL,NULL,'GUEST','Y'),
(2021,10,'GOA','CHA',51,25,'SEASON','REGULAR',NULL,NULL,'GUEST','Y'),
(2021,10,'PD','TRO',41,49,'SEASON','REGULAR',NULL,NULL,'HOME','Y'),
(2021,10,'VIL','COL',35,14,'SEASON','REGULAR',NULL,NULL,'GUEST','Y'),
(2021,10,'ARR','CAF',30,42,'SEASON','REGULAR',NULL,NULL,'HOME','Y'),
(2021,10,'TIZ','SKY',19,31,'SEASON','REGULAR',NULL,NULL,'HOME','Y'),
(2021,11,'GT','CHA',37,41,'SEASON','REGULAR',NULL,NULL,'HOME','Y'),
(2021,11,'SAL','PAT',21,51,'SEASON','REGULAR',NULL,NULL,'HOME','Y'),
(2021,11,'SKY','VIL',4,40,'SEASON','REGULAR',NULL,NULL,'HOME','Y'),
(2021,11,'CAF','COL',18,37,'SEASON','REGULAR',NULL,NULL,'HOME','Y'),
(2021,11,'PIR','ARR',42,45,'SEASON','REGULAR',NULL,NULL,'HOME','Y'),
(2021,11,'TRO','GAN',46,32,'SEASON','REGULAR',NULL,NULL,'GUEST','Y'),
(2021,11,'TIZ','GOA',25,54,'SEASON','REGULAR',NULL,NULL,'HOME','Y'),
(2021,11,'PD','BRO',21,45,'SEASON','REGULAR',NULL,NULL,'HOME','Y'),
(2021,12,'GAN','PIR',35,43,'SEASON','REGULAR',NULL,NULL,'HOME','Y'),
(2021,12,'TRO','ARR',26,35,'SEASON','REGULAR',NULL,NULL,'HOME','Y'),
(2021,12,'SAL','GT',28,20,'SEASON','REGULAR',NULL,NULL,'GUEST','Y'),
(2021,12,'SKY','PD',36,27,'SEASON','REGULAR',NULL,NULL,'GUEST','Y'),
(2021,12,'CHA','VIL',36,46,'SEASON','REGULAR',NULL,NULL,'HOME','Y'),
(2021,12,'PAT','COL',53,30,'SEASON','REGULAR',NULL,NULL,'GUEST','Y'),
(2021,12,'GOA','CAF',50,41,'SEASON','REGULAR',NULL,NULL,'GUEST','Y'),
(2021,12,'BRO','TIZ',29,36,'SEASON','REGULAR',NULL,NULL,'HOME','Y'),
(2021,13,'GT','PIR',42,37,'SEASON','REGULAR',NULL,NULL,'GUEST','Y'),
(2021,13,'CHA','GAN',29,40,'SEASON','REGULAR',NULL,NULL,'HOME','Y'),
(2021,13,'SAL','GOA',33,36,'SEASON','REGULAR',NULL,NULL,'HOME','Y'),
(2021,13,'PAT','BRO',42,21,'SEASON','REGULAR',NULL,NULL,'GUEST','Y'),
(2021,13,'ARR','TRO',54,58,'SEASON','REGULAR',NULL,NULL,'HOME','Y'),
(2021,13,'VIL','SKY',41,43,'SEASON','REGULAR',NULL,NULL,'HOME','Y'),
(2021,13,'CAF','TIZ',13,53,'SEASON','REGULAR',NULL,NULL,'HOME','Y'),
(2021,13,'COL','PD',21,42,'SEASON','REGULAR',NULL,NULL,'HOME','Y'),
(2021,14,'PIR','CHA',69,48,'SEASON','REGULAR',NULL,NULL,'GUEST','Y'),
(2021,14,'GAN','GT',36,47,'SEASON','REGULAR',NULL,NULL,'HOME','Y'),
(2021,14,'GOA','PAT',41,51,'SEASON','REGULAR',NULL,NULL,'HOME','Y'),
(2021,14,'BRO','SAL',13,31,'SEASON','REGULAR',NULL,NULL,'HOME','Y'),
(2021,14,'TRO','VIL',51,49,'SEASON','REGULAR',NULL,NULL,'GUEST','Y'),
(2021,14,'SKY','ARR',56,33,'SEASON','REGULAR',NULL,NULL,'GUEST','Y'),
(2021,14,'TIZ','COL',32,55,'SEASON','REGULAR',NULL,NULL,'HOME','Y'),
(2021,14,'PD','CAF',41,29,'SEASON','REGULAR',NULL,NULL,'GUEST','Y'),
(2021,15,'CHA','BRO',24,38,'WILDCARD','REGULAR',NULL,NULL,'HOME','Y'),
(2021,15,'ARR','VIL',41,31,'WILDCARD','REGULAR',NULL,NULL,'GUEST','Y'),
(2021,16,'BRO','GOA',37,54,'DIVISIONAL','REGULAR',NULL,NULL,'HOME','Y'),
(2021,16,'PAT','GT',48,47,'DIVISIONAL','REGULAR',NULL,NULL,'GUEST','Y'),
(2021,16,'SKY','PD',29,50,'DIVISIONAL','REGULAR',NULL,NULL,'HOME','Y'),
(2021,16,'ARR','TRO',11,53,'DIVISIONAL','REGULAR',NULL,NULL,'HOME','Y'),
(2021,17,'PAT','GOA',30,57,'CONFERENCE_FINAL','REGULAR',NULL,NULL,'HOME','Y'),
(2021,17,'PD','TRO',35,51,'CONFERENCE_FINAL','REGULAR',NULL,NULL,'HOME','Y'),
(2021,18,'TRO','GOA',40,56,'NOPAL_BOWL','REGULAR',NULL,NULL,'HOME','N'),
(2022,1,'CHA','GAN',53,61,'SEASON','REGULAR',NULL,NULL,'HOME','Y'),
(2022,1,'BRO','GOA',67,30,'SEASON','REGULAR',NULL,NULL,'GUEST','Y'),
(2022,1,'GUE','ARR',44,47,'SEASON','REGULAR',NULL,NULL,'HOME','Y'),
(2022,1,'COL','SKY',37,42,'SEASON','REGULAR',NULL,NULL,'HOME','Y'),
(2022,1,'PIR','PAT',32,30,'SEASON','REGULAR',NULL,NULL,'GUEST','Y'),
(2022,1,'VIL','HAM',31,49,'SEASON','REGULAR',NULL,NULL,'HOME','Y'),
(2022,1,'TIZ','GT',38,41,'SEASON','REGULAR',NULL,NULL,'HOME','Y'),
(2022,1,'SAL','TRO',26,32,'SEASON','REGULAR',NULL,NULL,'HOME','Y'),
(2022,2,'GT','CHA',21,37,'SEASON','REGULAR',NULL,NULL,'HOME','Y'),
(2022,2,'PAT','BRO',36,41,'SEASON','REGULAR',NULL,NULL,'HOME','Y'),
(2022,2,'TRO','HAM',43,68,'SEASON','REGULAR',NULL,NULL,'HOME','Y'),
(2022,2,'GUE','TIZ',38,41,'SEASON','REGULAR',NULL,NULL,'HOME','Y'),
(2022,2,'PIR','COL',47,41,'SEASON','REGULAR',NULL,NULL,'GUEST','Y'),
(2022,2,'SKY','GAN',30,46,'SEASON','REGULAR',NULL,NULL,'HOME','Y'),
(2022,2,'ARR','GOA',41,40,'SEASON','REGULAR',NULL,NULL,'GUEST','Y'),
(2022,2,'SAL','VIL',22,48,'SEASON','REGULAR',NULL,NULL,'HOME','Y'),
(2022,3,'PIR','GAN',44,38,'SEASON','REGULAR',NULL,NULL,'GUEST','Y'),
(2022,3,'SAL','GOA',19,33,'SEASON','REGULAR',NULL,NULL,'HOME','Y'),
(2022,3,'VIL','ARR',37,37,'SEASON','BENCH',22,26,'HOME','Y'),
(2022,3,'SKY','TIZ',22,46,'SEASON','REGULAR',NULL,NULL,'HOME','Y'),
(2022,3,'PAT','GT',50,41,'SEASON','REGULAR',NULL,NULL,'GUEST','Y'),
(2022,3,'GUE','COL',42,44,'SEASON','REGULAR',NULL,NULL,'HOME','Y'),
(2022,3,'CHA','HAM',31,30,'SEASON','REGULAR',NULL,NULL,'GUEST','Y'),
(2022,3,'TRO','BRO',25,45,'SEASON','REGULAR',NULL,NULL,'HOME','Y'),
(2022,4,'PIR','GT',44,35,'SEASON','REGULAR',NULL,NULL,'GUEST','Y'),
(2022,4,'PAT','GOA',42,38,'SEASON','REGULAR',NULL,NULL,'GUEST','Y'),
(2022,4,'CHA','SAL',39,31,'SEASON','REGULAR',NULL,NULL,'GUEST','Y'),
(2022,4,'TIZ','TRO',31,47,'SEASON','REGULAR',NULL,NULL,'HOME','Y'),
(2022,4,'COL','VIL',46,58,'SEASON','REGULAR',NULL,NULL,'HOME','Y'),
(2022,4,'SKY','GUE',34,40,'SEASON','REGULAR',NULL,NULL,'HOME','Y'),
(2022,4,'HAM','GAN',29,36,'SEASON','REGULAR',NULL,NULL,'HOME','Y'),
(2022,4,'BRO','ARR',39,34,'SEASON','REGULAR',NULL,NULL,'GUEST','Y'),
(2022,5,'GT','PIR',31,27,'SEASON','REGULAR',NULL,NULL,'GUEST','Y'),
(2022,5,'GOA','BRO',48,52,'SEASON','REGULAR',NULL,NULL,'HOME','Y'),
(2022,5,'TRO','GUE',51,41,'SEASON','REGULAR',NULL,NULL,'GUEST','Y'),
(2022,5,'COL','HAM',39,31,'SEASON','REGULAR',NULL,NULL,'GUEST','Y'),
(2022,5,'GAN','PAT',53,44,'SEASON','REGULAR',NULL,NULL,'GUEST','Y'),
(2022,5,'TIZ','VIL',37,55,'SEASON','REGULAR',NULL,NULL,'HOME','Y'),
(2022,5,'CHA','SKY',37,28,'SEASON','REGULAR',NULL,NULL,'GUEST','Y'),
(2022,5,'ARR','SAL',35,27,'SEASON','REGULAR',NULL,NULL,'GUEST','Y'),
(2022,6,'GAN','GT',42,46,'SEASON','REGULAR',NULL,NULL,'HOME','Y'),
(2022,6,'ARR','VIL',17,39,'SEASON','REGULAR',NULL,NULL,'HOME','Y'),
(2022,6,'TIZ','COL',33,16,'SEASON','REGULAR',NULL,NULL,'GUEST','Y'),
(2022,6,'SKY','HAM',18,23,'SEASON','REGULAR',NULL,NULL,'HOME','Y'),
(2022,6,'SAL','PIR',24,29,'SEASON','REGULAR',NULL,NULL,'HOME','Y'),
(2022,6,'BRO','CHA',34,24,'SEASON','REGULAR',NULL,NULL,'GUEST','Y'),
(2022,6,'PAT','GUE',34,50,'SEASON','REGULAR',NULL,NULL,'HOME','Y'),
(2022,6,'GOA','TRO',35,38,'SEASON','REGULAR',NULL,NULL,'HOME','Y'),
(2022,7,'GOA','PIR',45,25,'SEASON','REGULAR',NULL,NULL,'GUEST','Y'),
(2022,7,'GT','SAL',22,21,'SEASON','REGULAR',NULL,NULL,'GUEST','Y'),
(2022,7,'VIL','SKY',43,20,'SEASON','REGULAR',NULL,NULL,'GUEST','Y'),
(2022,7,'HAM','ARR',26,52,'SEASON','REGULAR',NULL,NULL,'HOME','Y'),
(2022,7,'GAN','COL',33,28,'SEASON','REGULAR',NULL,NULL,'GUEST','Y'),
(2022,7,'TIZ','CHA',17,34,'SEASON','REGULAR',NULL,NULL,'HOME','Y'),
(2022,7,'TRO','PAT',24,48,'SEASON','REGULAR',NULL,NULL,'HOME','Y'),
(2022,7,'BRO','GUE',26,46,'SEASON','REGULAR',NULL,NULL,'HOME','Y'),
(2022,8,'BRO','SAL',10,63,'SEASON','REGULAR',NULL,NULL,'HOME','Y'),
(2022,8,'GUE','TRO',36,56,'SEASON','REGULAR',NULL,NULL,'HOME','Y'),
(2022,8,'CHA','GOA',25,46,'SEASON','REGULAR',NULL,NULL,'HOME','Y'),
(2022,8,'ARR','COL',49,36,'SEASON','REGULAR',NULL,NULL,'GUEST','Y'),
(2022,8,'SKY','PIR',20,45,'SEASON','REGULAR',NULL,NULL,'HOME','Y'),
(2022,8,'GAN','TIZ',35,43,'SEASON','REGULAR',NULL,NULL,'HOME','Y'),
(2022,8,'GT','HAM',35,45,'SEASON','REGULAR',NULL,NULL,'HOME','Y'),
(2022,8,'VIL','PAT',44,28,'SEASON','REGULAR',NULL,NULL,'GUEST','Y'),
(2022,9,'PAT','SAL',17,26,'SEASON','REGULAR',NULL,NULL,'HOME','Y'),
(2022,9,'ARR','TRO',41,53,'SEASON','REGULAR',NULL,NULL,'HOME','Y'),
(2022,9,'VIL','GUE',41,40,'SEASON','REGULAR',NULL,NULL,'GUEST','Y'),
(2022,9,'TIZ','SKY',22,33,'SEASON','REGULAR',NULL,NULL,'HOME','Y'),
(2022,9,'GAN','BRO',44,18,'SEASON','REGULAR',NULL,NULL,'GUEST','Y'),
(2022,9,'GT','GOA',22,45,'SEASON','REGULAR',NULL,NULL,'HOME','Y'),
(2022,9,'HAM','PIR',28,34,'SEASON','REGULAR',NULL,NULL,'HOME','Y'),
(2022,9,'COL','CHA',38,40,'SEASON','REGULAR',NULL,NULL,'HOME','Y'),
(2022,10,'CHA','PIR',40,47,'SEASON','REGULAR',NULL,NULL,'HOME','Y'),
(2022,10,'SAL','PAT',37,39,'SEASON','REGULAR',NULL,NULL,'HOME','Y'),
(2022,10,'GOA','GAN',31,41,'SEASON','REGULAR',NULL,NULL,'HOME','Y'),
(2022,10,'TRO','SKY',35,25,'SEASON','REGULAR',NULL,NULL,'GUEST','Y'),
(2022,10,'ARR','TIZ',32,43,'SEASON','REGULAR',NULL,NULL,'HOME','Y'),
(2022,10,'HAM','GUE',24,25,'SEASON','REGULAR',NULL,NULL,'HOME','Y'),
(2022,10,'COL','GT',27,20,'SEASON','REGULAR',NULL,NULL,'GUEST','Y'),
(2022,10,'VIL','BRO',41,21,'SEASON','REGULAR',NULL,NULL,'GUEST','Y'),
(2022,11,'GAN','CHA',37,29,'SEASON','REGULAR',NULL,NULL,'GUEST','Y'),
(2022,11,'HAM','TIZ',16,32,'SEASON','REGULAR',NULL,NULL,'HOME','Y'),
(2022,11,'PIR','BRO',51,21,'SEASON','REGULAR',NULL,NULL,'GUEST','Y'),
(2022,11,'COL','TRO',42,24,'SEASON','REGULAR',NULL,NULL,'GUEST','Y'),
(2022,11,'GT','SKY',26,26,'SEASON','BENCH',14,19,'HOME','Y'),
(2022,11,'PAT','ARR',27,33,'SEASON','REGULAR',NULL,NULL,'HOME','Y'),
(2022,11,'GOA','VIL',38,57,'SEASON','REGULAR',NULL,NULL,'HOME','Y'),
(2022,11,'GUE','SAL',42,45,'SEASON','REGULAR',NULL,NULL,'HOME','Y'),
(2022,12,'TRO','VIL',30,69,'SEASON','REGULAR',NULL,NULL,'HOME','Y'),
(2022,12,'HAM','COL',48,39,'SEASON','REGULAR',NULL,NULL,'GUEST','Y'),
(2022,12,'SAL','GAN',35,42,'SEASON','REGULAR',NULL,NULL,'HOME','Y'),
(2022,12,'PAT','CHA',43,44,'SEASON','REGULAR',NULL,NULL,'HOME','Y'),
(2022,12,'BRO','GT',15,28,'SEASON','REGULAR',NULL,NULL,'HOME','Y'),
(2022,12,'SKY','ARR',20,49,'SEASON','REGULAR',NULL,NULL,'HOME','Y'),
(2022,12,'PIR','TIZ',51,41,'SEASON','REGULAR',NULL,NULL,'GUEST','Y'),
(2022,12,'GUE','GOA',26,22,'SEASON','REGULAR',NULL,NULL,'GUEST','Y'),
(2022,13,'GT','GAN',30,35,'SEASON','REGULAR',NULL,NULL,'HOME','Y'),
(2022,13,'PIR','CHA',48,36,'SEASON','REGULAR',NULL,NULL,'GUEST','Y'),
(2022,13,'GOA','PAT',37,50,'SEASON','REGULAR',NULL,NULL,'HOME','Y'),
(2022,13,'SAL','BRO',42,22,'SEASON','REGULAR',NULL,NULL,'GUEST','Y'),
(2022,13,'GUE','VIL',49,54,'SEASON','REGULAR',NULL,NULL,'HOME','Y'),
(2022,13,'TRO','ARR',41,39,'SEASON','REGULAR',NULL,NULL,'GUEST','Y'),
(2022,13,'SKY','COL',12,35,'SEASON','REGULAR',NULL,NULL,'HOME','Y'),
(2022,13,'TIZ','HAM',50,23,'SEASON','REGULAR',NULL,NULL,'GUEST','Y'),
(2022,14,'GAN','PIR',44,31,'SEASON','REGULAR',NULL,NULL,'GUEST','Y'),
(2022,14,'CHA','GT',23,40,'SEASON','REGULAR',NULL,NULL,'HOME','Y'),
(2022,14,'BRO','PAT',21,49,'SEASON','REGULAR',NULL,NULL,'HOME','Y'),
(2022,14,'GOA','SAL',14,57,'SEASON','REGULAR',NULL,NULL,'HOME','Y'),
(2022,14,'VIL','TRO',49,31,'SEASON','REGULAR',NULL,NULL,'GUEST','Y'),
(2022,14,'ARR','GUE',36,48,'SEASON','REGULAR',NULL,NULL,'HOME','Y'),
(2022,14,'COL','TIZ',29,19,'SEASON','REGULAR',NULL,NULL,'GUEST','Y'),
(2022,14,'HAM','SKY',10,37,'SEASON','REGULAR',NULL,NULL,'HOME','Y'),
(2022,15,'GT','CHA',28,35,'WILDCARD','REGULAR',NULL,NULL,'HOME','Y'),
(2022,15,'COL','ARR',42,34,'WILDCARD','REGULAR',NULL,NULL,'GUEST','Y'),
(2022,16,'CHA','GUE',30,40,'DIVISIONAL','REGULAR',NULL,NULL,'HOME','Y'),
(2022,16,'PIR','PAT',20,45,'DIVISIONAL','REGULAR',NULL,NULL,'HOME','Y'),
(2022,16,'TRO','TIZ',37,37,'DIVISIONAL','BENCH',29,8,'GUEST','Y'),
(2022,16,'COL','VIL',44,41,'DIVISIONAL','REGULAR',NULL,NULL,'GUEST','Y'),
(2022,17,'PAT','GAN',23,38,'CONFERENCE_FINAL','REGULAR',NULL,NULL,'HOME','Y'),
(2022,17,'COL','TRO',34,48,'CONFERENCE_FINAL','REGULAR',NULL,NULL,'HOME','Y'),
(2022,18,'TRO','GAN',35,32,'NOPAL_BOWL','REGULAR',NULL,NULL,'GUEST','N'),
(2023,1,'ARR','TRO',31,37,'SEASON','REGULAR',NULL,NULL,'HOME','Y'),
(2023,1,'COL','SKY',54,45,'SEASON','REGULAR',NULL,NULL,'GUEST','Y'),
(2023,1,'BRO','PIR',17,43,'SEASON','REGULAR',NULL,NULL,'HOME','Y'),
(2023,1,'CHA','PAT',36,47,'SEASON','REGULAR',NULL,NULL,'HOME','Y'),
(2023,1,'SAL','GT',35,37,'SEASON','REGULAR',NULL,NULL,'HOME','Y'),
(2023,1,'TIZ','GUE',30,46,'SEASON','REGULAR',NULL,NULL,'HOME','Y'),
(2023,1,'GAN','VIL',41,33,'SEASON','REGULAR',NULL,NULL,'GUEST','Y'),
(2023,1,'HAM','GOA',21,46,'SEASON','REGULAR',NULL,NULL,'HOME','Y'),
(2023,2,'GOA','BRO',31,30,'SEASON','REGULAR',NULL,NULL,'GUEST','Y'),
(2023,2,'TIZ','SKY',29,27,'SEASON','REGULAR',NULL,NULL,'GUEST','Y'),
(2023,2,'SAL','CHA',35,46,'SEASON','REGULAR',NULL,NULL,'HOME','Y'),
(2023,2,'ARR','HAM',53,47,'SEASON','REGULAR',NULL,NULL,'GUEST','Y'),
(2023,2,'GUE','PIR',38,38,'SEASON','TIE',NULL,NULL,'TIE','Y'),
(2023,2,'GAN','TRO',42,31,'SEASON','REGULAR',NULL,NULL,'GUEST','Y'),
(2023,2,'VIL','GT',61,42,'SEASON','REGULAR',NULL,NULL,'GUEST','Y'),
(2023,2,'COL','PAT',48,40,'SEASON','REGULAR',NULL,NULL,'GUEST','Y'),
(2023,3,'GT','PIR',53,45,'SEASON','REGULAR',NULL,NULL,'GUEST','Y'),
(2023,3,'CHA','GAN',36,24,'SEASON','REGULAR',NULL,NULL,'GUEST','Y'),
(2023,3,'VIL','ARR',42,64,'SEASON','REGULAR',NULL,NULL,'HOME','Y'),
(2023,3,'TRO','GUE',38,41,'SEASON','REGULAR',NULL,NULL,'HOME','Y'),
(2023,3,'PAT','HAM',49,26,'SEASON','REGULAR',NULL,NULL,'GUEST','Y'),
(2023,3,'GOA','TIZ',44,34,'SEASON','REGULAR',NULL,NULL,'GUEST','Y'),
(2023,3,'COL','BRO',33,37,'SEASON','REGULAR',NULL,NULL,'HOME','Y'),
(2023,3,'SKY','SAL',38,27,'SEASON','REGULAR',NULL,NULL,'GUEST','Y'),
(2023,4,'GAN','GT',71,35,'SEASON','REGULAR',NULL,NULL,'GUEST','Y'),
(2023,4,'GOA','PAT',41,14,'SEASON','REGULAR',NULL,NULL,'GUEST','Y'),
(2023,4,'PIR','SAL',39,24,'SEASON','REGULAR',NULL,NULL,'GUEST','Y'),
(2023,4,'VIL','TIZ',44,20,'SEASON','REGULAR',NULL,NULL,'GUEST','Y'),
(2023,4,'COL','ARR',45,47,'SEASON','REGULAR',NULL,NULL,'HOME','Y'),
(2023,4,'GUE','HAM',52,46,'SEASON','REGULAR',NULL,NULL,'GUEST','Y'),
(2023,4,'TRO','CHA',46,37,'SEASON','REGULAR',NULL,NULL,'GUEST','Y'),
(2023,4,'BRO','SKY',39,22,'SEASON','REGULAR',NULL,NULL,'GUEST','Y'),
(2023,5,'BRO','GOA',39,47,'SEASON','REGULAR',NULL,NULL,'HOME','Y'),
(2023,5,'HAM','COL',16,66,'SEASON','REGULAR',NULL,NULL,'HOME','Y'),
(2023,5,'PAT','PIR',19,34,'SEASON','REGULAR',NULL,NULL,'HOME','Y'),
(2023,5,'GAN','SAL',45,19,'SEASON','REGULAR',NULL,NULL,'GUEST','Y'),
(2023,5,'SKY','VIL',24,34,'SEASON','REGULAR',NULL,NULL,'HOME','Y'),
(2023,5,'TIZ','ARR',44,32,'SEASON','REGULAR',NULL,NULL,'GUEST','Y'),
(2023,5,'CHA','GUE',29,49,'SEASON','REGULAR',NULL,NULL,'HOME','Y'),
(2023,5,'TRO','GT',49,31,'SEASON','REGULAR',NULL,NULL,'GUEST','Y'),
(2023,6,'BRO','SAL',37,17,'SEASON','REGULAR',NULL,NULL,'GUEST','Y'),
(2023,6,'SKY','TIZ',24,36,'SEASON','REGULAR',NULL,NULL,'HOME','Y'),
(2023,6,'PAT','GAN',11,30,'SEASON','REGULAR',NULL,NULL,'HOME','Y'),
(2023,6,'HAM','TRO',47,46,'SEASON','REGULAR',NULL,NULL,'GUEST','Y'),
(2023,6,'GOA','GT',33,30,'SEASON','REGULAR',NULL,NULL,'GUEST','Y'),
(2023,6,'COL','GUE',43,32,'SEASON','REGULAR',NULL,NULL,'GUEST','Y'),
(2023,6,'PIR','VIL',34,43,'SEASON','REGULAR',NULL,NULL,'HOME','Y'),
(2023,6,'CHA','ARR',23,38,'SEASON','REGULAR',NULL,NULL,'HOME','Y'),
(2023,7,'GAN','CHA',37,7,'SEASON','REGULAR',NULL,NULL,'GUEST','Y'),
(2023,7,'PIR','GT',37,44,'SEASON','REGULAR',NULL,NULL,'HOME','Y'),
(2023,7,'SAL','GOA',11,34,'SEASON','REGULAR',NULL,NULL,'HOME','Y'),
(2023,7,'PAT','BRO',5,55,'SEASON','REGULAR',NULL,NULL,'HOME','Y'),
(2023,7,'ARR','VIL',57,48,'SEASON','REGULAR',NULL,NULL,'GUEST','Y'),
(2023,7,'COL','HAM',36,12,'SEASON','REGULAR',NULL,NULL,'GUEST','Y'),
(2023,7,'TRO','TIZ',31,5,'SEASON','REGULAR',NULL,NULL,'GUEST','Y'),
(2023,7,'GUE','SKY',47,35,'SEASON','REGULAR',NULL,NULL,'GUEST','Y'),
(2023,8,'GT','CHA',21,22,'SEASON','REGULAR',NULL,NULL,'HOME','Y'),
(2023,8,'SAL','PAT',29,14,'SEASON','REGULAR',NULL,NULL,'GUEST','Y'),
(2023,8,'PIR','GOA',29,40,'SEASON','REGULAR',NULL,NULL,'HOME','Y'),
(2023,8,'TRO','COL',37,53,'SEASON','REGULAR',NULL,NULL,'HOME','Y'),
(2023,8,'HAM','VIL',41,46,'SEASON','REGULAR',NULL,NULL,'HOME','Y'),
(2023,8,'ARR','SKY',39,36,'SEASON','REGULAR',NULL,NULL,'GUEST','Y'),
(2023,8,'GUE','GAN',47,56,'SEASON','REGULAR',NULL,NULL,'HOME','Y'),
(2023,8,'TIZ','BRO',36,39,'SEASON','REGULAR',NULL,NULL,'HOME','Y'),
(2023,9,'PIR','GAN',31,43,'SEASON','REGULAR',NULL,NULL,'HOME','Y'),
(2023,9,'PAT','SAL',34,23,'SEASON','REGULAR',NULL,NULL,'GUEST','Y'),
(2023,9,'VIL','GUE',36,42,'SEASON','REGULAR',NULL,NULL,'HOME','Y'),
(2023,9,'HAM','TIZ',54,39,'SEASON','REGULAR',NULL,NULL,'GUEST','Y'),
(2023,9,'CHA','BRO',9,42,'SEASON','REGULAR',NULL,NULL,'HOME','Y'),
(2023,9,'SKY','TRO',25,22,'SEASON','REGULAR',NULL,NULL,'GUEST','Y'),
(2023,9,'GT','ARR',31,28,'SEASON','REGULAR',NULL,NULL,'GUEST','Y'),
(2023,9,'GOA','COL',22,8,'SEASON','REGULAR',NULL,NULL,'GUEST','Y'),
(2023,10,'CHA','PIR',34,34,'SEASON','BENCH',28,21,'GUEST','Y'),
(2023,10,'TRO','VIL',41,58,'SEASON','REGULAR',NULL,NULL,'HOME','Y'),
(2023,10,'GUE','ARR',25,45,'SEASON','REGULAR',NULL,NULL,'HOME','Y'),
(2023,10,'TIZ','COL',33,13,'SEASON','REGULAR',NULL,NULL,'GUEST','Y'),
(2023,10,'GAN','GOA',44,49,'SEASON','REGULAR',NULL,NULL,'HOME','Y'),
(2023,10,'GT','BRO',17,26,'SEASON','REGULAR',NULL,NULL,'HOME','Y'),
(2023,10,'PAT','SKY',22,18,'SEASON','REGULAR',NULL,NULL,'GUEST','Y'),
(2023,10,'HAM','SAL',37,22,'SEASON','REGULAR',NULL,NULL,'GUEST','Y'),
(2023,11,'PIR','TRO',34,37,'SEASON','REGULAR',NULL,NULL,'HOME','Y'),
(2023,11,'ARR','GAN',48,41,'SEASON','REGULAR',NULL,NULL,'GUEST','Y'),
(2023,11,'VIL','CHA',51,21,'SEASON','REGULAR',NULL,NULL,'GUEST','Y'),
(2023,11,'GT','GUE',22,51,'SEASON','REGULAR',NULL,NULL,'HOME','Y'),
(2023,11,'TIZ','PAT',16,18,'SEASON','REGULAR',NULL,NULL,'HOME','Y'),
(2023,11,'SKY','GOA',12,29,'SEASON','REGULAR',NULL,NULL,'HOME','Y'),
(2023,11,'BRO','HAM',28,28,'SEASON','BENCH',5,3,'GUEST','Y'),
(2023,11,'SAL','COL',25,27,'SEASON','REGULAR',NULL,NULL,'HOME','Y'),
(2023,12,'GUE','TRO',53,37,'SEASON','REGULAR',NULL,NULL,'GUEST','Y'),
(2023,12,'SKY','HAM',16,61,'SEASON','REGULAR',NULL,NULL,'HOME','Y'),
(2023,12,'BRO','GAN',65,35,'SEASON','REGULAR',NULL,NULL,'GUEST','Y'),
(2023,12,'GOA','CHA',40,35,'SEASON','REGULAR',NULL,NULL,'GUEST','Y'),
(2023,12,'GT','PAT',28,16,'SEASON','REGULAR',NULL,NULL,'GUEST','Y'),
(2023,12,'VIL','COL',29,24,'SEASON','REGULAR',NULL,NULL,'GUEST','Y'),
(2023,12,'ARR','PIR',51,49,'SEASON','REGULAR',NULL,NULL,'GUEST','Y'),
(2023,12,'SAL','TIZ',13,17,'SEASON','REGULAR',NULL,NULL,'HOME','Y'),
(2023,13,'GAN','PIR',33,31,'SEASON','REGULAR',NULL,NULL,'GUEST','Y'),
(2023,13,'CHA','GT',23,23,'SEASON','BENCH',22,19,'GUEST','Y'),
(2023,13,'BRO','PAT',30,27,'SEASON','REGULAR',NULL,NULL,'GUEST','Y'),
(2023,13,'GOA','SAL',41,17,'SEASON','REGULAR',NULL,NULL,'GUEST','Y'),
(2023,13,'VIL','TRO',26,46,'SEASON','REGULAR',NULL,NULL,'HOME','Y'),
(2023,13,'ARR','GUE',53,18,'SEASON','REGULAR',NULL,NULL,'GUEST','Y'),
(2023,13,'COL','TIZ',11,18,'SEASON','REGULAR',NULL,NULL,'HOME','Y'),
(2023,13,'HAM','SKY',46,20,'SEASON','REGULAR',NULL,NULL,'GUEST','Y'),
(2023,14,'GT','GAN',34,39,'SEASON','REGULAR',NULL,NULL,'HOME','Y'),
(2023,14,'PIR','CHA',24,36,'SEASON','REGULAR',NULL,NULL,'HOME','Y'),
(2023,14,'PAT','GOA',20,27,'SEASON','REGULAR',NULL,NULL,'HOME','Y'),
(2023,14,'SAL','BRO',19,19,'SEASON','BENCH',10,15,'HOME','Y'),
(2023,14,'GUE','VIL',37,35,'SEASON','REGULAR',NULL,NULL,'GUEST','Y'),
(2023,14,'TRO','ARR',34,59,'SEASON','REGULAR',NULL,NULL,'HOME','Y'),
(2023,14,'SKY','COL',26,38,'SEASON','REGULAR',NULL,NULL,'HOME','Y'),
(2023,14,'TIZ','HAM',40,35,'SEASON','REGULAR',NULL,NULL,'GUEST','Y'),
(2023,15,'GT','CHA',32,18,'WILDCARD','REGULAR',NULL,NULL,'GUEST','Y'),
(2023,15,'TIZ','VIL',38,50,'WILDCARD','REGULAR',NULL,NULL,'HOME','Y'),
(2023,16,'GT','GOA',36,24,'DIVISIONAL','REGULAR',NULL,NULL,'GUEST','Y'),
(2023,16,'BRO','GAN',42,39,'DIVISIONAL','REGULAR',NULL,NULL,'GUEST','Y'),
(2023,16,'GUE','COL',26,8,'DIVISIONAL','REGULAR',NULL,NULL,'GUEST','Y'),
(2023,16,'VIL','ARR',51,40,'DIVISIONAL','REGULAR',NULL,NULL,'GUEST','Y'),
(2023,17,'GT','BRO',43,38,'CONFERENCE_FINAL','REGULAR',NULL,NULL,'GUEST','Y'),
(2023,17,'VIL','GUE',60,35,'CONFERENCE_FINAL','REGULAR',NULL,NULL,'GUEST','Y'),
(2023,18,'GT','VIL',12,64,'NOPAL_BOWL','REGULAR',NULL,NULL,'HOME','N'),
(2005,1,'PIR','GT',95,44,'SEASON','REGULAR',NULL,NULL,'GUEST','Y'),
(2005,1,'TIZ','GAN',86,68,'SEASON','REGULAR',NULL,NULL,'GUEST','Y'),
(2005,1,'SAL','GUE',65,43,'SEASON','REGULAR',NULL,NULL,'GUEST','Y'),
(2005,1,'COL','CHA',96,65,'SEASON','REGULAR',NULL,NULL,'GUEST','Y'),
(2005,1,'PUM','CA',93,73,'SEASON','REGULAR',NULL,NULL,'GUEST','Y'),
(2005,2,'PIR','GAN',65,98,'SEASON','REGULAR',NULL,NULL,'HOME','Y'),
(2005,2,'COL','GT',106,70,'SEASON','REGULAR',NULL,NULL,'GUEST','Y'),
(2005,2,'PUM','TIZ',82,80,'SEASON','REGULAR',NULL,NULL,'GUEST','Y'),
(2005,2,'CHA','SAL',49,94,'SEASON','REGULAR',NULL,NULL,'HOME','Y'),
(2005,2,'CA','GUE',63,40,'SEASON','REGULAR',NULL,NULL,'GUEST','Y'),
(2005,3,'GAN','GUE',90,24,'SEASON','REGULAR',NULL,NULL,'GUEST','Y'),
(2005,3,'COL','PIR',51,70,'SEASON','REGULAR',NULL,NULL,'HOME','Y'),
(2005,3,'PUM','GT',81,120,'SEASON','REGULAR',NULL,NULL,'HOME','Y'),
(2005,3,'TIZ','CHA',90,54,'SEASON','REGULAR',NULL,NULL,'GUEST','Y'),
(2005,3,'CA','SAL',62,88,'SEASON','REGULAR',NULL,NULL,'HOME','Y'),
(2005,4,'PIR','SAL',67,100,'SEASON','REGULAR',NULL,NULL,'HOME','Y'),
(2005,4,'GT','CA',57,65,'SEASON','REGULAR',NULL,NULL,'HOME','Y'),
(2005,4,'GUE','TIZ',105,55,'SEASON','REGULAR',NULL,NULL,'GUEST','Y'),
(2005,4,'GAN','COL',96,107,'SEASON','REGULAR',NULL,NULL,'HOME','Y'),
(2005,4,'CHA','PUM',77,47,'SEASON','REGULAR',NULL,NULL,'GUEST','Y'),
(2005,5,'GT','GUE',71,43,'SEASON','REGULAR',NULL,NULL,'GUEST','Y'),
(2005,5,'TIZ','PIR',61,47,'SEASON','REGULAR',NULL,NULL,'GUEST','Y'),
(2005,5,'SAL','COL',91,64,'SEASON','REGULAR',NULL,NULL,'GUEST','Y'),
(2005,5,'PUM','GAN',88,88,'SEASON','BENCH',1,0,'GUEST','Y'),
(2005,5,'CA','CHA',84,62,'SEASON','REGULAR',NULL,NULL,'GUEST','Y'),
(2005,6,'TIZ','GT',56,93,'SEASON','REGULAR',NULL,NULL,'HOME','Y'),
(2005,6,'GUE','SAL',40,87,'SEASON','REGULAR',NULL,NULL,'HOME','Y'),
(2005,6,'GAN','CHA',81,62,'SEASON','REGULAR',NULL,NULL,'GUEST','Y'),
(2005,6,'COL','CA',60,48,'SEASON','REGULAR',NULL,NULL,'GUEST','Y'),
(2005,6,'PUM','PIR',69,41,'SEASON','REGULAR',NULL,NULL,'GUEST','Y'),
(2005,7,'PIR','GUE',87,31,'SEASON','REGULAR',NULL,NULL,'GUEST','Y'),
(2005,7,'SAL','TIZ',61,64,'SEASON','REGULAR',NULL,NULL,'HOME','Y'),
(2005,7,'GAN','GT',62,65,'SEASON','REGULAR',NULL,NULL,'HOME','Y'),
(2005,7,'CHA','COL',60,91,'SEASON','REGULAR',NULL,NULL,'HOME','Y'),
(2005,7,'CA','PUM',65,74,'SEASON','REGULAR',NULL,NULL,'HOME','Y'),
(2005,8,'PIR','CA',96,75,'SEASON','REGULAR',NULL,NULL,'GUEST','Y'),
(2005,8,'GT','CHA',109,51,'SEASON','REGULAR',NULL,NULL,'GUEST','Y'),
(2005,8,'TIZ','COL',63,49,'SEASON','REGULAR',NULL,NULL,'GUEST','Y'),
(2005,8,'SAL','GAN',79,22,'SEASON','REGULAR',NULL,NULL,'GUEST','Y'),
(2005,8,'GUE','PUM',7,30,'SEASON','REGULAR',NULL,NULL,'HOME','Y'),
(2005,9,'PIR','CHA',82,55,'SEASON','REGULAR',NULL,NULL,'GUEST','Y'),
(2005,9,'GT','SAL',81,42,'SEASON','REGULAR',NULL,NULL,'GUEST','Y'),
(2005,9,'TIZ','GUE',91,30,'SEASON','REGULAR',NULL,NULL,'GUEST','Y'),
(2005,9,'PUM','COL',30,40,'SEASON','REGULAR',NULL,NULL,'HOME','Y'),
(2005,9,'CA','GAN',59,94,'SEASON','REGULAR',NULL,NULL,'HOME','Y'),
(2005,10,'GT','PIR',54,67,'SEASON','REGULAR',NULL,NULL,'HOME','Y'),
(2005,10,'TIZ','SAL',65,65,'SEASON','BENCH',1,0,'GUEST','Y'),
(2005,10,'GAN','PUM',86,80,'SEASON','REGULAR',NULL,NULL,'GUEST','Y'),
(2005,10,'CHA','GUE',68,50,'SEASON','REGULAR',NULL,NULL,'GUEST','Y'),
(2005,10,'CA','COL',87,40,'SEASON','REGULAR',NULL,NULL,'GUEST','Y'),
(2005,11,'PIR','TIZ',94,56,'SEASON','REGULAR',NULL,NULL,'GUEST','Y'),
(2005,11,'SAL','PUM',95,32,'SEASON','REGULAR',NULL,NULL,'GUEST','Y'),
(2005,11,'GUE','GT',36,93,'SEASON','REGULAR',NULL,NULL,'HOME','Y'),
(2005,11,'COL','GAN',63,99,'SEASON','REGULAR',NULL,NULL,'HOME','Y'),
(2005,11,'CHA','CA',94,81,'SEASON','REGULAR',NULL,NULL,'GUEST','Y'),
(2005,12,'GT','TIZ',99,137,'SEASON','REGULAR',NULL,NULL,'HOME','Y'),
(2005,12,'SAL','PIR',89,56,'SEASON','REGULAR',NULL,NULL,'GUEST','Y'),
(2005,12,'GUE','COL',57,58,'SEASON','REGULAR',NULL,NULL,'HOME','Y'),
(2005,12,'GAN','CA',70,39,'SEASON','REGULAR',NULL,NULL,'GUEST','Y'),
(2005,12,'PUM','CHA',58,66,'SEASON','REGULAR',NULL,NULL,'HOME','Y'),
(2005,13,'SAL','GT',71,69,'SEASON','REGULAR',NULL,NULL,'GUEST','Y'),
(2005,13,'GUE','PIR',45,43,'SEASON','REGULAR',NULL,NULL,'GUEST','Y'),
(2005,13,'COL','PUM',43,90,'SEASON','REGULAR',NULL,NULL,'HOME','Y'),
(2005,13,'CHA','GAN',73,96,'SEASON','REGULAR',NULL,NULL,'HOME','Y'),
(2005,13,'CA','TIZ',72,61,'SEASON','REGULAR',NULL,NULL,'GUEST','Y'),
(2005,14,'PIR','COL',79,59,'ROUND1','REGULAR',NULL,NULL,'GUEST','Y'),
(2005,14,'PUM','TIZ',50,90,'ROUND1','REGULAR',NULL,NULL,'HOME','Y'),
(2005,15,'PIR','SAL',62,58,'ROUND2','REGULAR',NULL,NULL,'GUEST','Y'),
(2005,15,'TIZ','GAN',109,112,'ROUND2','REGULAR',NULL,NULL,'HOME','Y'),
(2005,16,'PIR','GAN',103,90,'NOPAL_BOWL','REGULAR',NULL,NULL,'GUEST','Y'),
(2006,1,'GT','PIR',41,47,'SEASON','REGULAR',NULL,NULL,'HOME','Y'),
(2006,1,'CHA','GAN',42,52,'SEASON','REGULAR',NULL,NULL,'HOME','Y'),
(2006,1,'TIZ','CA',43,55,'SEASON','REGULAR',NULL,NULL,'HOME','Y'),
(2006,1,'COL','SAL',51,42,'SEASON','REGULAR',NULL,NULL,'GUEST','Y'),
(2006,1,'FLO','GUE',34,41,'SEASON','REGULAR',NULL,NULL,'HOME','Y'),
(2006,2,'GAN','PIR',38,65,'SEASON','REGULAR',NULL,NULL,'HOME','Y'),
(2006,2,'CA','GT',43,44,'SEASON','REGULAR',NULL,NULL,'HOME','Y'),
(2006,2,'SAL','CHA',55,49,'SEASON','REGULAR',NULL,NULL,'GUEST','Y'),
(2006,2,'FLO','TIZ',45,57,'SEASON','REGULAR',NULL,NULL,'HOME','Y'),
(2006,2,'GUE','COL',31,56,'SEASON','REGULAR',NULL,NULL,'HOME','Y'),
(2006,3,'COL','GT',49,28,'SEASON','REGULAR',NULL,NULL,'GUEST','Y'),
(2006,3,'CA','GAN',43,41,'SEASON','REGULAR',NULL,NULL,'GUEST','Y'),
(2006,3,'PIR','CHA',50,50,'SEASON','BENCH',0,1,'HOME','Y'),
(2006,3,'TIZ','GUE',46,29,'SEASON','REGULAR',NULL,NULL,'GUEST','Y'),
(2006,3,'SAL','FLO',47,52,'SEASON','REGULAR',NULL,NULL,'HOME','Y'),
(2006,4,'GT','CHA',24,35,'SEASON','REGULAR',NULL,NULL,'HOME','Y'),
(2006,4,'PIR','CA',40,62,'SEASON','REGULAR',NULL,NULL,'HOME','Y'),
(2006,4,'TIZ','SAL',57,45,'SEASON','REGULAR',NULL,NULL,'GUEST','Y'),
(2006,4,'FLO','COL',50,42,'SEASON','REGULAR',NULL,NULL,'GUEST','Y'),
(2006,4,'GAN','GUE',27,44,'SEASON','REGULAR',NULL,NULL,'HOME','Y'),
(2006,5,'GT','GAN',37,22,'SEASON','REGULAR',NULL,NULL,'GUEST','Y'),
(2006,5,'CHA','CA',40,47,'SEASON','REGULAR',NULL,NULL,'HOME','Y'),
(2006,5,'COL','TIZ',34,64,'SEASON','REGULAR',NULL,NULL,'HOME','Y'),
(2006,5,'GUE','SAL',26,41,'SEASON','REGULAR',NULL,NULL,'HOME','Y'),
(2006,5,'PIR','FLO',40,34,'SEASON','REGULAR',NULL,NULL,'GUEST','Y'),
(2006,6,'PIR','GT',50,38,'SEASON','REGULAR',NULL,NULL,'GUEST','Y'),
(2006,6,'TIZ','CHA',35,58,'SEASON','REGULAR',NULL,NULL,'HOME','Y'),
(2006,6,'GAN','CA',29,48,'SEASON','REGULAR',NULL,NULL,'HOME','Y'),
(2006,6,'FLO','SAL',68,33,'SEASON','REGULAR',NULL,NULL,'GUEST','Y'),
(2006,6,'COL','GUE',46,62,'SEASON','REGULAR',NULL,NULL,'HOME','Y'),
(2006,7,'PIR','GAN',31,39,'SEASON','REGULAR',NULL,NULL,'HOME','Y'),
(2006,7,'GT','CA',9,70,'SEASON','REGULAR',NULL,NULL,'HOME','Y'),
(2006,7,'SAL','TIZ',72,59,'SEASON','REGULAR',NULL,NULL,'GUEST','Y'),
(2006,7,'CHA','GUE',55,17,'SEASON','REGULAR',NULL,NULL,'GUEST','Y'),
(2006,7,'COL','FLO',32,41,'SEASON','REGULAR',NULL,NULL,'HOME','Y'),
(2006,8,'CA','PIR',57,75,'SEASON','REGULAR',NULL,NULL,'HOME','Y'),
(2006,8,'SAL','GT',64,34,'SEASON','REGULAR',NULL,NULL,'GUEST','Y'),
(2006,8,'GAN','CHA',40,53,'SEASON','REGULAR',NULL,NULL,'HOME','Y'),
(2006,8,'TIZ','COL',46,35,'SEASON','REGULAR',NULL,NULL,'GUEST','Y'),
(2006,8,'GUE','FLO',22,43,'SEASON','REGULAR',NULL,NULL,'HOME','Y'),
(2006,9,'CHA','PIR',65,38,'SEASON','REGULAR',NULL,NULL,'GUEST','Y'),
(2006,9,'GAN','GT',23,29,'SEASON','REGULAR',NULL,NULL,'HOME','Y'),
(2006,9,'FLO','CA',65,44,'SEASON','REGULAR',NULL,NULL,'GUEST','Y'),
(2006,9,'GUE','TIZ',5,15,'SEASON','REGULAR',NULL,NULL,'HOME','Y'),
(2006,9,'SAL','COL',73,47,'SEASON','REGULAR',NULL,NULL,'GUEST','Y'),
(2006,10,'CA','CHA',67,53,'SEASON','REGULAR',NULL,NULL,'GUEST','Y'),
(2006,10,'GAN','SAL',50,53,'SEASON','REGULAR',NULL,NULL,'HOME','Y'),
(2006,10,'PIR','COL',50,52,'SEASON','REGULAR',NULL,NULL,'HOME','Y'),
(2006,10,'GT','GUE',41,17,'SEASON','REGULAR',NULL,NULL,'GUEST','Y'),
(2006,10,'TIZ','FLO',30,47,'SEASON','REGULAR',NULL,NULL,'HOME','Y'),
(2006,11,'CHA','GT',54,54,'SEASON','BENCH',0,1,'HOME','Y'),
(2006,11,'FLO','GAN',24,42,'SEASON','REGULAR',NULL,NULL,'HOME','Y'),
(2006,11,'PIR','TIZ',53,27,'SEASON','REGULAR',NULL,NULL,'GUEST','Y'),
(2006,11,'CA','COL',47,44,'SEASON','REGULAR',NULL,NULL,'GUEST','Y'),
(2006,11,'SAL','GUE',49,30,'SEASON','REGULAR',NULL,NULL,'GUEST','Y'),
(2006,12,'GUE','PIR',32,59,'SEASON','REGULAR',NULL,NULL,'HOME','Y'),
(2006,12,'TIZ','GAN',35,34,'SEASON','REGULAR',NULL,NULL,'GUEST','Y'),
(2006,12,'COL','CHA',26,55,'SEASON','REGULAR',NULL,NULL,'HOME','Y'),
(2006,12,'CA','SAL',53,40,'SEASON','REGULAR',NULL,NULL,'GUEST','Y'),
(2006,12,'GT','FLO',37,46,'SEASON','REGULAR',NULL,NULL,'HOME','Y'),
(2006,13,'SAL','PIR',52,47,'SEASON','REGULAR',NULL,NULL,'GUEST','Y'),
(2006,13,'GUE','CA',66,60,'SEASON','REGULAR',NULL,NULL,'GUEST','Y'),
(2006,13,'GT','TIZ',24,36,'SEASON','REGULAR',NULL,NULL,'HOME','Y'),
(2006,13,'GAN','COL',19,41,'SEASON','REGULAR',NULL,NULL,'HOME','Y'),
(2006,13,'CHA','FLO',54,53,'SEASON','REGULAR',NULL,NULL,'GUEST','Y'),
(2006,14,'CHA','SAL',57,36,'ROUND1','REGULAR',NULL,NULL,'GUEST','Y'),
(2006,14,'PIR','TIZ',51,36,'ROUND1','REGULAR',NULL,NULL,'GUEST','Y'),
(2006,15,'CHA','CA',34,39,'ROUND2','REGULAR',NULL,NULL,'HOME','Y'),
(2006,15,'PIR','FLO',46,32,'ROUND2','REGULAR',NULL,NULL,'GUEST','Y'),
(2006,16,'PIR','CA',40,32,'NOPAL_BOWL','REGULAR',NULL,NULL,'GUEST','Y'),
(2007,1,'GT','PIR',38,25,'SEASON','REGULAR',NULL,NULL,'GUEST','Y'),
(2007,1,'GAN','SAL',46,80,'SEASON','REGULAR',NULL,NULL,'HOME','Y'),
(2007,1,'GUE','CHA',31,63,'SEASON','REGULAR',NULL,NULL,'HOME','Y'),
(2007,1,'COL','TIZ',45,37,'SEASON','REGULAR',NULL,NULL,'GUEST','Y'),
(2007,1,'FLO','CA',51,41,'SEASON','REGULAR',NULL,NULL,'GUEST','Y'),
(2007,1,'RH','RUD',67,31,'SEASON','REGULAR',NULL,NULL,'GUEST','Y'),
(2007,2,'SAL','PIR',51,54,'SEASON','REGULAR',NULL,NULL,'HOME','Y'),
(2007,2,'CHA','GT',47,64,'SEASON','REGULAR',NULL,NULL,'HOME','Y'),
(2007,2,'GUE','GAN',49,49,'SEASON','BENCH',1,0,'GUEST','Y'),
(2007,2,'CA','TIZ',52,48,'SEASON','REGULAR',NULL,NULL,'GUEST','Y'),
(2007,2,'RUD','COL',36,63,'SEASON','REGULAR',NULL,NULL,'HOME','Y'),
(2007,2,'RH','FLO',55,43,'SEASON','REGULAR',NULL,NULL,'GUEST','Y'),
(2007,3,'PIR','GAN',47,57,'SEASON','REGULAR',NULL,NULL,'HOME','Y'),
(2007,3,'CHA','SAL',23,69,'SEASON','REGULAR',NULL,NULL,'HOME','Y'),
(2007,3,'GUE','GT',59,44,'SEASON','REGULAR',NULL,NULL,'GUEST','Y'),
(2007,3,'FLO','TIZ',28,49,'SEASON','REGULAR',NULL,NULL,'HOME','Y'),
(2007,3,'RUD','CA',30,63,'SEASON','REGULAR',NULL,NULL,'HOME','Y'),
(2007,3,'RH','COL',40,68,'SEASON','REGULAR',NULL,NULL,'HOME','Y'),
(2007,4,'PIR','CHA',39,25,'SEASON','REGULAR',NULL,NULL,'GUEST','Y'),
(2007,4,'GAN','GT',44,33,'SEASON','REGULAR',NULL,NULL,'GUEST','Y'),
(2007,4,'GUE','SAL',23,42,'SEASON','REGULAR',NULL,NULL,'HOME','Y'),
(2007,4,'RUD','TIZ',15,32,'SEASON','REGULAR',NULL,NULL,'HOME','Y'),
(2007,4,'FLO','COL',33,46,'SEASON','REGULAR',NULL,NULL,'HOME','Y'),
(2007,4,'RH','CA',46,23,'SEASON','REGULAR',NULL,NULL,'GUEST','Y'),
(2007,5,'GUE','PIR',15,27,'SEASON','REGULAR',NULL,NULL,'HOME','Y'),
(2007,5,'CHA','GAN',36,23,'SEASON','REGULAR',NULL,NULL,'GUEST','Y'),
(2007,5,'SAL','GT',44,24,'SEASON','REGULAR',NULL,NULL,'GUEST','Y'),
(2007,5,'RH','TIZ',52,33,'SEASON','REGULAR',NULL,NULL,'GUEST','Y'),
(2007,5,'RUD','FLO',18,38,'SEASON','REGULAR',NULL,NULL,'HOME','Y'),
(2007,5,'CA','COL',40,48,'SEASON','REGULAR',NULL,NULL,'HOME','Y'),
(2007,6,'TIZ','PIR',20,73,'SEASON','REGULAR',NULL,NULL,'HOME','Y'),
(2007,6,'COL','GT',47,45,'SEASON','REGULAR',NULL,NULL,'GUEST','Y'),
(2007,6,'CA','SAL',48,46,'SEASON','REGULAR',NULL,NULL,'GUEST','Y'),
(2007,6,'FLO','GAN',18,65,'SEASON','REGULAR',NULL,NULL,'HOME','Y'),
(2007,6,'RUD','CHA',29,43,'SEASON','REGULAR',NULL,NULL,'HOME','Y'),
(2007,6,'RH','GUE',37,23,'SEASON','REGULAR',NULL,NULL,'GUEST','Y'),
(2007,7,'PIR','RH',49,42,'SEASON','REGULAR',NULL,NULL,'GUEST','Y'),
(2007,7,'GT','TIZ',17,32,'SEASON','REGULAR',NULL,NULL,'HOME','Y'),
(2007,7,'SAL','COL',33,57,'SEASON','REGULAR',NULL,NULL,'HOME','Y'),
(2007,7,'GAN','CA',42,35,'SEASON','REGULAR',NULL,NULL,'GUEST','Y'),
(2007,7,'CHA','FLO',41,33,'SEASON','REGULAR',NULL,NULL,'GUEST','Y'),
(2007,7,'GUE','RUD',25,24,'SEASON','REGULAR',NULL,NULL,'GUEST','Y'),
(2007,8,'RUD','PIR',10,26,'SEASON','REGULAR',NULL,NULL,'HOME','Y'),
(2007,8,'RH','GT',46,29,'SEASON','REGULAR',NULL,NULL,'GUEST','Y'),
(2007,8,'TIZ','SAL',34,41,'SEASON','REGULAR',NULL,NULL,'HOME','Y'),
(2007,8,'COL','GAN',54,56,'SEASON','REGULAR',NULL,NULL,'HOME','Y'),
(2007,8,'CA','CHA',38,37,'SEASON','REGULAR',NULL,NULL,'GUEST','Y'),
(2007,8,'FLO','GUE',35,21,'SEASON','REGULAR',NULL,NULL,'GUEST','Y'),
(2007,9,'PIR','FLO',63,35,'SEASON','REGULAR',NULL,NULL,'GUEST','Y'),
(2007,9,'GT','RUD',31,36,'SEASON','REGULAR',NULL,NULL,'HOME','Y'),
(2007,9,'SAL','RH',35,46,'SEASON','REGULAR',NULL,NULL,'HOME','Y'),
(2007,9,'GAN','TIZ',69,40,'SEASON','REGULAR',NULL,NULL,'GUEST','Y'),
(2007,9,'CHA','COL',18,46,'SEASON','REGULAR',NULL,NULL,'HOME','Y'),
(2007,9,'GUE','CA',37,28,'SEASON','REGULAR',NULL,NULL,'GUEST','Y'),
(2007,10,'PIR','GT',24,39,'SEASON','REGULAR',NULL,NULL,'HOME','Y'),
(2007,10,'SAL','GAN',19,42,'SEASON','REGULAR',NULL,NULL,'HOME','Y'),
(2007,10,'CHA','GUE',38,40,'SEASON','REGULAR',NULL,NULL,'HOME','Y'),
(2007,10,'TIZ','COL',26,22,'SEASON','REGULAR',NULL,NULL,'GUEST','Y'),
(2007,10,'CA','FLO',62,41,'SEASON','REGULAR',NULL,NULL,'GUEST','Y'),
(2007,10,'RUD','RH',23,56,'SEASON','REGULAR',NULL,NULL,'HOME','Y'),
(2007,11,'PIR','SAL',44,42,'SEASON','REGULAR',NULL,NULL,'GUEST','Y'),
(2007,11,'GT','CHA',23,38,'SEASON','REGULAR',NULL,NULL,'HOME','Y'),
(2007,11,'GAN','GUE',39,53,'SEASON','REGULAR',NULL,NULL,'HOME','Y'),
(2007,11,'TIZ','CA',54,29,'SEASON','REGULAR',NULL,NULL,'GUEST','Y'),
(2007,11,'COL','RUD',65,37,'SEASON','REGULAR',NULL,NULL,'GUEST','Y'),
(2007,11,'FLO','RH',22,53,'SEASON','REGULAR',NULL,NULL,'HOME','Y'),
(2007,12,'GAN','PIR',47,49,'SEASON','REGULAR',NULL,NULL,'HOME','Y'),
(2007,12,'SAL','CHA',66,25,'SEASON','REGULAR',NULL,NULL,'GUEST','Y'),
(2007,12,'GT','GUE',29,44,'SEASON','REGULAR',NULL,NULL,'HOME','Y'),
(2007,12,'TIZ','FLO',35,55,'SEASON','REGULAR',NULL,NULL,'HOME','Y'),
(2007,12,'CA','RUD',25,23,'SEASON','REGULAR',NULL,NULL,'GUEST','Y'),
(2007,12,'COL','RH',43,49,'SEASON','REGULAR',NULL,NULL,'HOME','Y'),
(2007,13,'CHA','PIR',48,30,'SEASON','REGULAR',NULL,NULL,'GUEST','Y'),
(2007,13,'GT','GAN',32,41,'SEASON','REGULAR',NULL,NULL,'HOME','Y'),
(2007,13,'SAL','GUE',44,45,'SEASON','REGULAR',NULL,NULL,'HOME','Y'),
(2007,13,'TIZ','RUD',29,23,'SEASON','REGULAR',NULL,NULL,'GUEST','Y'),
(2007,13,'COL','FLO',29,44,'SEASON','REGULAR',NULL,NULL,'HOME','Y'),
(2007,13,'CA','RH',28,67,'SEASON','REGULAR',NULL,NULL,'HOME','Y'),
(2007,14,'PIR','GUE',29,18,'SEASON','REGULAR',NULL,NULL,'GUEST','Y'),
(2007,14,'GAN','CHA',50,39,'SEASON','REGULAR',NULL,NULL,'GUEST','Y'),
(2007,14,'GT','SAL',24,80,'SEASON','REGULAR',NULL,NULL,'HOME','Y'),
(2007,14,'TIZ','RH',50,40,'SEASON','REGULAR',NULL,NULL,'GUEST','Y'),
(2007,14,'FLO','RUD',50,15,'SEASON','REGULAR',NULL,NULL,'GUEST','Y'),
(2007,14,'COL','CA',49,30,'SEASON','REGULAR',NULL,NULL,'GUEST','Y'),
(2007,15,'CA','RH',38,42,'ROUND1','REGULAR',NULL,NULL,'HOME','Y'),
(2007,15,'GUE','GAN',39,44,'ROUND1','REGULAR',NULL,NULL,'HOME','Y'),
(2007,15,'SAL','COL',43,29,'ROUND1','REGULAR',NULL,NULL,'GUEST','Y'),
(2007,15,'TIZ','PIR',19,37,'ROUND1','REGULAR',NULL,NULL,'HOME','Y'),
(2007,16,'GAN','RH',52,42,'ROUND2','REGULAR',NULL,NULL,'GUEST','Y'),
(2007,16,'SAL','PIR',32,32,'ROUND2','BENCH',0,1,'HOME','Y'),
(2007,17,'GAN','PIR',41,48,'NOPAL_BOWL','REGULAR',NULL,NULL,'HOME','Y'),
(2008,1,'GT','PIR',18,25,'SEASON','REGULAR',NULL,NULL,'HOME','Y'),
(2008,1,'GAN','SAL',61,42,'SEASON','REGULAR',NULL,NULL,'GUEST','Y'),
(2008,1,'GUE','CHA',25,52,'SEASON','REGULAR',NULL,NULL,'HOME','Y'),
(2008,1,'COL','TIZ',45,49,'SEASON','REGULAR',NULL,NULL,'HOME','Y'),
(2008,1,'CHR','CA',59,30,'SEASON','REGULAR',NULL,NULL,'GUEST','Y'),
(2008,1,'RH','RUD',45,32,'SEASON','REGULAR',NULL,NULL,'GUEST','Y'),
(2008,2,'SAL','PIR',59,46,'SEASON','REGULAR',NULL,NULL,'GUEST','Y'),
(2008,2,'GUE','GT',39,42,'SEASON','REGULAR',NULL,NULL,'HOME','Y'),
(2008,2,'CHA','GAN',60,41,'SEASON','REGULAR',NULL,NULL,'GUEST','Y'),
(2008,2,'RH','COL',49,30,'SEASON','REGULAR',NULL,NULL,'GUEST','Y'),
(2008,2,'TIZ','CA',56,24,'SEASON','REGULAR',NULL,NULL,'GUEST','Y'),
(2008,2,'RUD','CHR',39,42,'SEASON','REGULAR',NULL,NULL,'HOME','Y'),
(2008,3,'CHA','GT',41,39,'SEASON','REGULAR',NULL,NULL,'GUEST','Y'),
(2008,3,'PIR','GAN',29,55,'SEASON','REGULAR',NULL,NULL,'HOME','Y'),
(2008,3,'SAL','GUE',53,51,'SEASON','REGULAR',NULL,NULL,'GUEST','Y'),
(2008,3,'CHR','TIZ',26,54,'SEASON','REGULAR',NULL,NULL,'HOME','Y'),
(2008,3,'COL','RUD',36,48,'SEASON','REGULAR',NULL,NULL,'HOME','Y'),
(2008,3,'CA','RH',23,37,'SEASON','REGULAR',NULL,NULL,'HOME','Y'),
(2008,4,'GT','SAL',29,69,'SEASON','REGULAR',NULL,NULL,'HOME','Y'),
(2008,4,'PIR','CHA',55,58,'SEASON','REGULAR',NULL,NULL,'HOME','Y'),
(2008,4,'GAN','GUE',16,29,'SEASON','REGULAR',NULL,NULL,'HOME','Y'),
(2008,4,'CA','COL',36,43,'SEASON','REGULAR',NULL,NULL,'HOME','Y'),
(2008,4,'RH','CHR',41,37,'SEASON','REGULAR',NULL,NULL,'GUEST','Y'),
(2008,4,'TIZ','RUD',54,40,'SEASON','REGULAR',NULL,NULL,'GUEST','Y'),
(2008,5,'GUE','PIR',15,45,'SEASON','REGULAR',NULL,NULL,'HOME','Y'),
(2008,5,'GAN','GT',41,49,'SEASON','REGULAR',NULL,NULL,'HOME','Y'),
(2008,5,'SAL','CHA',24,44,'SEASON','REGULAR',NULL,NULL,'HOME','Y'),
(2008,5,'CHR','COL',36,33,'SEASON','REGULAR',NULL,NULL,'GUEST','Y'),
(2008,5,'RUD','CA',38,33,'SEASON','REGULAR',NULL,NULL,'GUEST','Y'),
(2008,5,'TIZ','RH',26,46,'SEASON','REGULAR',NULL,NULL,'HOME','Y'),
(2008,6,'TIZ','PIR',38,36,'SEASON','REGULAR',NULL,NULL,'GUEST','Y'),
(2008,6,'COL','GT',28,32,'SEASON','REGULAR',NULL,NULL,'HOME','Y'),
(2008,6,'CA','SAL',72,36,'SEASON','REGULAR',NULL,NULL,'GUEST','Y'),
(2008,6,'CHR','GAN',61,32,'SEASON','REGULAR',NULL,NULL,'GUEST','Y'),
(2008,6,'RH','GUE',36,29,'SEASON','REGULAR',NULL,NULL,'GUEST','Y'),
(2008,6,'CHA','RUD',37,48,'SEASON','REGULAR',NULL,NULL,'HOME','Y'),
(2008,7,'GUE','TIZ',36,31,'SEASON','REGULAR',NULL,NULL,'GUEST','Y'),
(2008,7,'PIR','COL',41,29,'SEASON','REGULAR',NULL,NULL,'GUEST','Y'),
(2008,7,'GT','CA',36,38,'SEASON','REGULAR',NULL,NULL,'HOME','Y'),
(2008,7,'SAL','CHR',51,26,'SEASON','REGULAR',NULL,NULL,'GUEST','Y'),
(2008,7,'GAN','RUD',50,25,'SEASON','REGULAR',NULL,NULL,'GUEST','Y'),
(2008,7,'CHA','RH',16,19,'SEASON','REGULAR',NULL,NULL,'HOME','Y'),
(2008,8,'RUD','PIR',40,46,'SEASON','REGULAR',NULL,NULL,'HOME','Y'),
(2008,8,'RH','GT',16,19,'SEASON','REGULAR',NULL,NULL,'HOME','Y'),
(2008,8,'TIZ','SAL',39,27,'SEASON','REGULAR',NULL,NULL,'GUEST','Y'),
(2008,8,'COL','GAN',31,46,'SEASON','REGULAR',NULL,NULL,'HOME','Y'),
(2008,8,'CA','CHA',39,61,'SEASON','REGULAR',NULL,NULL,'HOME','Y'),
(2008,8,'GUE','CHR',24,35,'SEASON','REGULAR',NULL,NULL,'HOME','Y'),
(2008,9,'CHR','CHA',51,58,'SEASON','REGULAR',NULL,NULL,'HOME','Y'),
(2008,9,'RUD','GUE',42,41,'SEASON','REGULAR',NULL,NULL,'GUEST','Y'),
(2008,9,'GT','TIZ',31,14,'SEASON','REGULAR',NULL,NULL,'GUEST','Y'),
(2008,9,'SAL','COL',24,32,'SEASON','REGULAR',NULL,NULL,'HOME','Y'),
(2008,9,'GAN','CA',41,22,'SEASON','REGULAR',NULL,NULL,'GUEST','Y'),
(2008,9,'PIR','RH',50,41,'SEASON','REGULAR',NULL,NULL,'GUEST','Y'),
(2008,10,'PIR','GT',30,30,'SEASON','BENCH',1,0,'HOME','Y'),
(2008,10,'SAL','GAN',46,36,'SEASON','REGULAR',NULL,NULL,'GUEST','Y'),
(2008,10,'CHA','GUE',62,27,'SEASON','REGULAR',NULL,NULL,'GUEST','Y'),
(2008,10,'TIZ','COL',7,41,'SEASON','REGULAR',NULL,NULL,'HOME','Y'),
(2008,10,'CA','CHR',44,54,'SEASON','REGULAR',NULL,NULL,'HOME','Y'),
(2008,10,'RUD','RH',45,23,'SEASON','REGULAR',NULL,NULL,'GUEST','Y'),
(2008,11,'PIR','SAL',52,48,'SEASON','REGULAR',NULL,NULL,'GUEST','Y'),
(2008,11,'GAN','CHA',46,52,'SEASON','REGULAR',NULL,NULL,'HOME','Y'),
(2008,11,'GT','GUE',25,38,'SEASON','REGULAR',NULL,NULL,'HOME','Y'),
(2008,11,'CA','TIZ',34,41,'SEASON','REGULAR',NULL,NULL,'HOME','Y'),
(2008,11,'CHR','RUD',39,59,'SEASON','REGULAR',NULL,NULL,'HOME','Y'),
(2008,11,'COL','RH',22,32,'SEASON','REGULAR',NULL,NULL,'HOME','Y'),
(2008,12,'GAN','PIR',60,51,'SEASON','REGULAR',NULL,NULL,'GUEST','Y'),
(2008,12,'GUE','SAL',27,41,'SEASON','REGULAR',NULL,NULL,'HOME','Y'),
(2008,12,'GT','CHA',15,63,'SEASON','REGULAR',NULL,NULL,'HOME','Y'),
(2008,12,'RUD','COL',39,64,'SEASON','REGULAR',NULL,NULL,'HOME','Y'),
(2008,12,'RH','CA',29,42,'SEASON','REGULAR',NULL,NULL,'HOME','Y'),
(2008,12,'TIZ','CHR',30,26,'SEASON','REGULAR',NULL,NULL,'GUEST','Y'),
(2008,13,'CHA','PIR',74,56,'SEASON','REGULAR',NULL,NULL,'GUEST','Y'),
(2008,13,'SAL','GT',44,39,'SEASON','REGULAR',NULL,NULL,'GUEST','Y'),
(2008,13,'GUE','GAN',23,32,'SEASON','REGULAR',NULL,NULL,'HOME','Y'),
(2008,13,'RUD','TIZ',50,24,'SEASON','REGULAR',NULL,NULL,'GUEST','Y'),
(2008,13,'COL','CA',17,30,'SEASON','REGULAR',NULL,NULL,'HOME','Y'),
(2008,13,'CHR','RH',51,23,'SEASON','REGULAR',NULL,NULL,'GUEST','Y'),
(2008,14,'CHA','SAL',60,43,'SEASON','REGULAR',NULL,NULL,'GUEST','Y'),
(2008,14,'GT','GAN',38,43,'SEASON','REGULAR',NULL,NULL,'HOME','Y'),
(2008,14,'PIR','GUE',54,41,'SEASON','REGULAR',NULL,NULL,'GUEST','Y'),
(2008,14,'RH','TIZ',36,20,'SEASON','REGULAR',NULL,NULL,'GUEST','Y'),
(2008,14,'COL','CHR',29,55,'SEASON','REGULAR',NULL,NULL,'HOME','Y'),
(2008,14,'CA','RUD',29,53,'SEASON','REGULAR',NULL,NULL,'HOME','Y'),
(2008,15,'SAL','CHA',35,32,'ROUND1','REGULAR',NULL,NULL,'GUEST','Y'),
(2008,15,'TIZ','CHR',33,49,'ROUND1','REGULAR',NULL,NULL,'HOME','Y'),
(2008,15,'PIR','RUD',33,45,'ROUND1','REGULAR',NULL,NULL,'HOME','Y'),
(2008,15,'GAN','RH',51,25,'ROUND1','REGULAR',NULL,NULL,'GUEST','Y'),
(2008,16,'CHR','CHA',20,61,'ROUND2','REGULAR',NULL,NULL,'HOME','Y'),
(2008,16,'GAN','RUD',40,36,'ROUND2','REGULAR',NULL,NULL,'GUEST','Y'),
(2008,17,'GAN','CHA',38,57,'NOPAL_BOWL','REGULAR',NULL,NULL,'HOME','Y'),
(2009,1,'PIR','GT',58,44,'SEASON','REGULAR',NULL,NULL,'GUEST','Y'),
(2009,1,'GAN','CHA',67,42,'SEASON','REGULAR',NULL,NULL,'GUEST','Y'),
(2009,1,'SAL','CA',40,58,'SEASON','REGULAR',NULL,NULL,'HOME','Y'),
(2009,1,'CHR','RUD',36,58,'SEASON','REGULAR',NULL,NULL,'HOME','Y'),
(2009,1,'TIZ','COL',26,44,'SEASON','REGULAR',NULL,NULL,'HOME','Y'),
(2009,1,'GUE','TRO',62,36,'SEASON','REGULAR',NULL,NULL,'GUEST','Y'),
(2009,2,'GUE','COL',36,44,'SEASON','REGULAR',NULL,NULL,'HOME','Y'),
(2009,2,'TRO','TIZ',52,50,'SEASON','REGULAR',NULL,NULL,'GUEST','Y'),
(2009,2,'GAN','SAL',27,32,'SEASON','REGULAR',NULL,NULL,'HOME','Y'),
(2009,2,'CHA','CA',61,44,'SEASON','REGULAR',NULL,NULL,'GUEST','Y'),
(2009,2,'PIR','CHR',32,72,'SEASON','REGULAR',NULL,NULL,'HOME','Y'),
(2009,2,'GT','RUD',58,37,'SEASON','REGULAR',NULL,NULL,'GUEST','Y'),
(2009,3,'COL','TIZ',22,30,'SEASON','REGULAR',NULL,NULL,'HOME','Y'),
(2009,3,'TRO','GUE',55,48,'SEASON','REGULAR',NULL,NULL,'GUEST','Y'),
(2009,3,'PIR','SAL',26,60,'SEASON','REGULAR',NULL,NULL,'HOME','Y'),
(2009,3,'GT','CA',49,44,'SEASON','REGULAR',NULL,NULL,'GUEST','Y'),
(2009,3,'GAN','CHR',20,50,'SEASON','REGULAR',NULL,NULL,'HOME','Y'),
(2009,3,'CHA','RUD',58,43,'SEASON','REGULAR',NULL,NULL,'GUEST','Y'),
(2009,4,'GT','PIR',56,51,'SEASON','REGULAR',NULL,NULL,'GUEST','Y'),
(2009,4,'CHA','GAN',39,18,'SEASON','REGULAR',NULL,NULL,'GUEST','Y'),
(2009,4,'SAL','TIZ',49,48,'SEASON','REGULAR',NULL,NULL,'GUEST','Y'),
(2009,4,'CA','COL',38,14,'SEASON','REGULAR',NULL,NULL,'GUEST','Y'),
(2009,4,'CHR','GUE',34,32,'SEASON','REGULAR',NULL,NULL,'GUEST','Y'),
(2009,4,'RUD','TRO',46,39,'SEASON','REGULAR',NULL,NULL,'GUEST','Y'),
(2009,5,'CA','SAL',33,16,'SEASON','REGULAR',NULL,NULL,'GUEST','Y'),
(2009,5,'RUD','CHR',41,41,'SEASON','BENCH',0,1,'HOME','Y'),
(2009,5,'PIR','TIZ',37,21,'SEASON','REGULAR',NULL,NULL,'GUEST','Y'),
(2009,5,'GT','COL',56,65,'SEASON','REGULAR',NULL,NULL,'HOME','Y'),
(2009,5,'GAN','GUE',49,34,'SEASON','REGULAR',NULL,NULL,'GUEST','Y'),
(2009,5,'CHA','TRO',54,51,'SEASON','REGULAR',NULL,NULL,'GUEST','Y'),
(2009,6,'CHA','PIR',45,52,'SEASON','REGULAR',NULL,NULL,'HOME','Y'),
(2009,6,'GAN','GT',42,18,'SEASON','REGULAR',NULL,NULL,'GUEST','Y'),
(2009,6,'CHR','TIZ',74,39,'SEASON','REGULAR',NULL,NULL,'GUEST','Y'),
(2009,6,'RUD','COL',89,55,'SEASON','REGULAR',NULL,NULL,'GUEST','Y'),
(2009,6,'SAL','GUE',44,46,'SEASON','REGULAR',NULL,NULL,'HOME','Y'),
(2009,6,'CA','TRO',38,40,'SEASON','REGULAR',NULL,NULL,'HOME','Y'),
(2009,7,'SAL','CHA',35,63,'SEASON','REGULAR',NULL,NULL,'HOME','Y'),
(2009,7,'CHR','GT',56,25,'SEASON','REGULAR',NULL,NULL,'GUEST','Y'),
(2009,7,'TIZ','RUD',37,51,'SEASON','REGULAR',NULL,NULL,'HOME','Y'),
(2009,7,'COL','PIR',37,57,'SEASON','REGULAR',NULL,NULL,'HOME','Y'),
(2009,7,'GUE','CA',41,50,'SEASON','REGULAR',NULL,NULL,'HOME','Y'),
(2009,7,'TRO','GAN',47,43,'SEASON','REGULAR',NULL,NULL,'GUEST','Y'),
(2009,8,'PIR','GAN',31,43,'SEASON','REGULAR',NULL,NULL,'HOME','Y'),
(2009,8,'CHA','GT',36,21,'SEASON','REGULAR',NULL,NULL,'GUEST','Y'),
(2009,8,'TIZ','CA',29,64,'SEASON','REGULAR',NULL,NULL,'HOME','Y'),
(2009,8,'COL','CHR',35,38,'SEASON','REGULAR',NULL,NULL,'HOME','Y'),
(2009,8,'GUE','RUD',57,28,'SEASON','REGULAR',NULL,NULL,'GUEST','Y'),
(2009,8,'TRO','SAL',53,63,'SEASON','REGULAR',NULL,NULL,'HOME','Y'),
(2009,9,'SAL','CHR',50,50,'SEASON','BENCH',1,0,'GUEST','Y'),
(2009,9,'RUD','CA',57,43,'SEASON','REGULAR',NULL,NULL,'GUEST','Y'),
(2009,9,'TIZ','GT',26,43,'SEASON','REGULAR',NULL,NULL,'HOME','Y'),
(2009,9,'COL','GAN',31,43,'SEASON','REGULAR',NULL,NULL,'HOME','Y'),
(2009,9,'GUE','CHA',42,53,'SEASON','REGULAR',NULL,NULL,'HOME','Y'),
(2009,9,'TRO','PIR',56,46,'SEASON','REGULAR',NULL,NULL,'GUEST','Y'),
(2009,10,'TIZ','GUE',36,54,'SEASON','REGULAR',NULL,NULL,'HOME','Y'),
(2009,10,'TRO','COL',37,38,'SEASON','REGULAR',NULL,NULL,'HOME','Y'),
(2009,10,'SAL','GT',61,50,'SEASON','REGULAR',NULL,NULL,'GUEST','Y'),
(2009,10,'CA','GAN',37,52,'SEASON','REGULAR',NULL,NULL,'HOME','Y'),
(2009,10,'CHR','CHA',33,39,'SEASON','REGULAR',NULL,NULL,'HOME','Y'),
(2009,10,'RUD','PIR',57,34,'SEASON','REGULAR',NULL,NULL,'GUEST','Y'),
(2009,11,'CA','PIR',43,50,'SEASON','REGULAR',NULL,NULL,'HOME','Y'),
(2009,11,'RUD','GAN',45,45,'SEASON','BENCH',0,1,'HOME','Y'),
(2009,11,'TIZ','CHA',34,42,'SEASON','REGULAR',NULL,NULL,'HOME','Y'),
(2009,11,'COL','SAL',35,50,'SEASON','REGULAR',NULL,NULL,'HOME','Y'),
(2009,11,'GUE','GT',30,45,'SEASON','REGULAR',NULL,NULL,'HOME','Y'),
(2009,11,'TRO','CHR',45,53,'SEASON','REGULAR',NULL,NULL,'HOME','Y'),
(2009,12,'PIR','CHA',67,24,'SEASON','REGULAR',NULL,NULL,'GUEST','Y'),
(2009,12,'GT','GAN',44,40,'SEASON','REGULAR',NULL,NULL,'GUEST','Y'),
(2009,12,'SAL','RUD',52,44,'SEASON','REGULAR',NULL,NULL,'GUEST','Y'),
(2009,12,'CA','CHR',41,62,'SEASON','REGULAR',NULL,NULL,'HOME','Y'),
(2009,12,'TIZ','TRO',30,54,'SEASON','REGULAR',NULL,NULL,'HOME','Y'),
(2009,12,'COL','GUE',11,37,'SEASON','REGULAR',NULL,NULL,'HOME','Y'),
(2009,13,'RUD','SAL',43,45,'SEASON','REGULAR',NULL,NULL,'HOME','Y'),
(2009,13,'CHR','CA',36,59,'SEASON','REGULAR',NULL,NULL,'HOME','Y'),
(2009,13,'GAN','TIZ',59,34,'SEASON','REGULAR',NULL,NULL,'GUEST','Y'),
(2009,13,'CHA','COL',41,23,'SEASON','REGULAR',NULL,NULL,'GUEST','Y'),
(2009,13,'PIR','GUE',48,45,'SEASON','REGULAR',NULL,NULL,'GUEST','Y'),
(2009,13,'GT','TRO',39,45,'SEASON','REGULAR',NULL,NULL,'HOME','Y'),
(2009,14,'GAN','PIR',60,52,'SEASON','REGULAR',NULL,NULL,'GUEST','Y'),
(2009,14,'GT','CHA',46,60,'SEASON','REGULAR',NULL,NULL,'HOME','Y'),
(2009,14,'CHR','SAL',56,36,'SEASON','REGULAR',NULL,NULL,'GUEST','Y'),
(2009,14,'CA','RUD',41,38,'SEASON','REGULAR',NULL,NULL,'GUEST','Y'),
(2009,14,'GUE','TIZ',44,26,'SEASON','REGULAR',NULL,NULL,'GUEST','Y'),
(2009,14,'COL','TRO',8,50,'SEASON','REGULAR',NULL,NULL,'HOME','Y'),
(2009,15,'GUE','CHA',39,58,'ROUND1','REGULAR',NULL,NULL,'HOME','Y'),
(2009,15,'SAL','GAN',57,50,'ROUND1','REGULAR',NULL,NULL,'GUEST','Y'),
(2009,15,'CA','TRO',61,47,'ROUND1','REGULAR',NULL,NULL,'GUEST','Y'),
(2009,15,'PIR','CHR',60,41,'ROUND1','REGULAR',NULL,NULL,'GUEST','Y'),
(2009,16,'SAL','CHA',37,49,'ROUND2','REGULAR',NULL,NULL,'HOME','Y'),
(2009,16,'PIR','CA',44,47,'ROUND2','REGULAR',NULL,NULL,'HOME','Y'),
(2009,17,'CA','CHA',38,23,'NOPAL_BOWL','REGULAR',NULL,NULL,'GUEST','Y'),
(2010,1,'PIR','GT',64,60,'SEASON','REGULAR',NULL,NULL,'GUEST','Y'),
(2010,1,'GAN','CHA',25,32,'SEASON','REGULAR',NULL,NULL,'HOME','Y'),
(2010,1,'SAL','CA',30,43,'SEASON','REGULAR',NULL,NULL,'HOME','Y'),
(2010,1,'VIL','RUD',42,27,'SEASON','REGULAR',NULL,NULL,'GUEST','Y'),
(2010,1,'TIZ','COL',32,56,'SEASON','REGULAR',NULL,NULL,'HOME','Y'),
(2010,1,'GUE','TRO',45,32,'SEASON','REGULAR',NULL,NULL,'GUEST','Y'),
(2010,2,'GUE','COL',59,38,'SEASON','REGULAR',NULL,NULL,'GUEST','Y'),
(2010,2,'TRO','TIZ',45,60,'SEASON','REGULAR',NULL,NULL,'HOME','Y'),
(2010,2,'GAN','SAL',47,52,'SEASON','REGULAR',NULL,NULL,'HOME','Y'),
(2010,2,'CHA','CA',37,50,'SEASON','REGULAR',NULL,NULL,'HOME','Y'),
(2010,2,'PIR','VIL',29,54,'SEASON','REGULAR',NULL,NULL,'HOME','Y'),
(2010,2,'GT','RUD',44,48,'SEASON','REGULAR',NULL,NULL,'HOME','Y'),
(2010,3,'COL','TIZ',72,58,'SEASON','REGULAR',NULL,NULL,'GUEST','Y'),
(2010,3,'TRO','GUE',37,54,'SEASON','REGULAR',NULL,NULL,'HOME','Y'),
(2010,3,'PIR','SAL',45,37,'SEASON','REGULAR',NULL,NULL,'GUEST','Y'),
(2010,3,'GT','CA',26,50,'SEASON','REGULAR',NULL,NULL,'HOME','Y'),
(2010,3,'GAN','VIL',25,45,'SEASON','REGULAR',NULL,NULL,'HOME','Y'),
(2010,3,'CHA','RUD',59,66,'SEASON','REGULAR',NULL,NULL,'HOME','Y'),
(2010,4,'GT','PIR',36,17,'SEASON','REGULAR',NULL,NULL,'GUEST','Y'),
(2010,4,'CHA','GAN',25,60,'SEASON','REGULAR',NULL,NULL,'HOME','Y'),
(2010,4,'SAL','TIZ',33,58,'SEASON','REGULAR',NULL,NULL,'HOME','Y'),
(2010,4,'CA','COL',11,39,'SEASON','REGULAR',NULL,NULL,'HOME','Y'),
(2010,4,'VIL','GUE',26,33,'SEASON','REGULAR',NULL,NULL,'HOME','Y'),
(2010,4,'RUD','TRO',28,51,'SEASON','REGULAR',NULL,NULL,'HOME','Y'),
(2010,5,'CA','SAL',24,26,'SEASON','REGULAR',NULL,NULL,'HOME','Y'),
(2010,5,'RUD','VIL',38,75,'SEASON','REGULAR',NULL,NULL,'HOME','Y'),
(2010,5,'PIR','TIZ',41,43,'SEASON','REGULAR',NULL,NULL,'HOME','Y'),
(2010,5,'GT','COL',25,37,'SEASON','REGULAR',NULL,NULL,'HOME','Y'),
(2010,5,'GAN','GUE',39,61,'SEASON','REGULAR',NULL,NULL,'HOME','Y'),
(2010,5,'CHA','TRO',42,33,'SEASON','REGULAR',NULL,NULL,'GUEST','Y'),
(2010,6,'CHA','PIR',43,33,'SEASON','REGULAR',NULL,NULL,'GUEST','Y'),
(2010,6,'GAN','GT',45,49,'SEASON','REGULAR',NULL,NULL,'HOME','Y'),
(2010,6,'VIL','TIZ',39,45,'SEASON','REGULAR',NULL,NULL,'HOME','Y'),
(2010,6,'RUD','COL',49,52,'SEASON','REGULAR',NULL,NULL,'HOME','Y'),
(2010,6,'SAL','GUE',34,25,'SEASON','REGULAR',NULL,NULL,'GUEST','Y'),
(2010,6,'CA','TRO',42,55,'SEASON','REGULAR',NULL,NULL,'HOME','Y'),
(2010,7,'SAL','CHA',32,51,'SEASON','REGULAR',NULL,NULL,'HOME','Y'),
(2010,7,'VIL','GT',40,29,'SEASON','REGULAR',NULL,NULL,'GUEST','Y'),
(2010,7,'TIZ','RUD',73,55,'SEASON','REGULAR',NULL,NULL,'GUEST','Y'),
(2010,7,'COL','PIR',42,63,'SEASON','REGULAR',NULL,NULL,'HOME','Y'),
(2010,7,'GUE','CA',41,45,'SEASON','REGULAR',NULL,NULL,'HOME','Y'),
(2010,7,'TRO','GAN',57,39,'SEASON','REGULAR',NULL,NULL,'GUEST','Y'),
(2010,8,'PIR','GAN',33,23,'SEASON','REGULAR',NULL,NULL,'GUEST','Y'),
(2010,8,'CHA','GT',31,31,'SEASON','TIE',1,1,'TIE','Y'),
(2010,8,'TIZ','CA',60,29,'SEASON','REGULAR',NULL,NULL,'GUEST','Y'),
(2010,8,'COL','VIL',42,51,'SEASON','REGULAR',NULL,NULL,'HOME','Y'),
(2010,8,'GUE','RUD',28,33,'SEASON','REGULAR',NULL,NULL,'HOME','Y'),
(2010,8,'TRO','SAL',27,25,'SEASON','REGULAR',NULL,NULL,'GUEST','Y'),
(2010,9,'SAL','VIL',21,35,'SEASON','REGULAR',NULL,NULL,'HOME','Y'),
(2010,9,'RUD','CA',42,45,'SEASON','REGULAR',NULL,NULL,'HOME','Y'),
(2010,9,'TIZ','GT',36,33,'SEASON','REGULAR',NULL,NULL,'GUEST','Y'),
(2010,9,'COL','GAN',31,40,'SEASON','REGULAR',NULL,NULL,'HOME','Y'),
(2010,9,'GUE','CHA',56,29,'SEASON','REGULAR',NULL,NULL,'GUEST','Y'),
(2010,9,'TRO','PIR',47,42,'SEASON','REGULAR',NULL,NULL,'GUEST','Y'),
(2010,10,'TIZ','GUE',56,16,'SEASON','REGULAR',NULL,NULL,'GUEST','Y'),
(2010,10,'TRO','COL',42,63,'SEASON','REGULAR',NULL,NULL,'HOME','Y'),
(2010,10,'SAL','GT',42,41,'SEASON','REGULAR',NULL,NULL,'GUEST','Y'),
(2010,10,'CA','GAN',50,36,'SEASON','REGULAR',NULL,NULL,'GUEST','Y'),
(2010,10,'VIL','CHA',42,35,'SEASON','REGULAR',NULL,NULL,'GUEST','Y'),
(2010,10,'RUD','PIR',47,63,'SEASON','REGULAR',NULL,NULL,'HOME','Y'),
(2010,11,'CA','PIR',30,46,'SEASON','REGULAR',NULL,NULL,'HOME','Y'),
(2010,11,'RUD','GAN',43,45,'SEASON','REGULAR',NULL,NULL,'HOME','Y'),
(2010,11,'TIZ','CHA',57,25,'SEASON','REGULAR',NULL,NULL,'GUEST','Y'),
(2010,11,'COL','SAL',35,42,'SEASON','REGULAR',NULL,NULL,'HOME','Y'),
(2010,11,'GUE','GT',50,58,'SEASON','REGULAR',NULL,NULL,'HOME','Y'),
(2010,11,'TRO','VIL',73,54,'SEASON','REGULAR',NULL,NULL,'GUEST','Y'),
(2010,12,'PIR','CHA',65,30,'SEASON','REGULAR',NULL,NULL,'GUEST','Y'),
(2010,12,'GT','GAN',34,22,'SEASON','REGULAR',NULL,NULL,'GUEST','Y'),
(2010,12,'SAL','RUD',40,44,'SEASON','REGULAR',NULL,NULL,'HOME','Y'),
(2010,12,'CA','VIL',51,36,'SEASON','REGULAR',NULL,NULL,'GUEST','Y'),
(2010,12,'TIZ','TRO',45,46,'SEASON','REGULAR',NULL,NULL,'HOME','Y'),
(2010,12,'COL','GUE',48,22,'SEASON','REGULAR',NULL,NULL,'GUEST','Y'),
(2010,13,'RUD','SAL',31,61,'SEASON','REGULAR',NULL,NULL,'HOME','Y'),
(2010,13,'VIL','CA',32,44,'SEASON','REGULAR',NULL,NULL,'HOME','Y'),
(2010,13,'GAN','TIZ',49,37,'SEASON','REGULAR',NULL,NULL,'GUEST','Y'),
(2010,13,'CHA','COL',15,58,'SEASON','REGULAR',NULL,NULL,'HOME','Y'),
(2010,13,'PIR','GUE',47,23,'SEASON','REGULAR',NULL,NULL,'GUEST','Y'),
(2010,13,'GT','TRO',57,48,'SEASON','REGULAR',NULL,NULL,'GUEST','Y'),
(2010,14,'GAN','PIR',45,53,'SEASON','REGULAR',NULL,NULL,'HOME','Y'),
(2010,14,'GT','CHA',42,20,'SEASON','REGULAR',NULL,NULL,'GUEST','Y'),
(2010,14,'VIL','SAL',48,52,'SEASON','REGULAR',NULL,NULL,'HOME','Y'),
(2010,14,'CA','RUD',42,36,'SEASON','REGULAR',NULL,NULL,'GUEST','Y'),
(2010,14,'GUE','TIZ',24,71,'SEASON','REGULAR',NULL,NULL,'HOME','Y'),
(2010,14,'COL','TRO',41,36,'SEASON','REGULAR',NULL,NULL,'GUEST','Y'),
(2010,15,'GT','TIZ',33,52,'ROUND1','REGULAR',NULL,NULL,'HOME','Y'),
(2010,15,'VIL','COL',49,38,'ROUND1','REGULAR',NULL,NULL,'GUEST','Y'),
(2010,15,'SAL','PIR',44,49,'ROUND1','REGULAR',NULL,NULL,'HOME','Y'),
(2010,15,'TRO','CA',43,51,'ROUND1','REGULAR',NULL,NULL,'HOME','Y'),
(2010,16,'VIL','TIZ',39,47,'ROUND2','REGULAR',NULL,NULL,'HOME','Y'),
(2010,16,'PIR','CA',43,38,'ROUND2','REGULAR',NULL,NULL,'GUEST','Y'),
(2010,17,'PIR','TIZ',44,41,'NOPAL_BOWL','REGULAR',NULL,NULL,'GUEST','Y'),
(2011,1,'CHA','SAL',50,58,'SEASON','REGULAR',NULL,NULL,'HOME','Y'),
(2011,1,'GT','GUE',21,44,'SEASON','REGULAR',NULL,NULL,'HOME','Y'),
(2011,1,'RUD','TIZ',48,53,'SEASON','REGULAR',NULL,NULL,'HOME','Y'),
(2011,1,'PIR','COL',39,45,'SEASON','REGULAR',NULL,NULL,'HOME','Y'),
(2011,1,'CA','VIL',69,49,'SEASON','REGULAR',NULL,NULL,'GUEST','Y'),
(2011,1,'GAN','TRO',80,51,'SEASON','REGULAR',NULL,NULL,'GUEST','Y'),
(2011,2,'VIL','COL',61,47,'SEASON','REGULAR',NULL,NULL,'GUEST','Y'),
(2011,2,'TRO','TIZ',41,55,'SEASON','REGULAR',NULL,NULL,'HOME','Y'),
(2011,2,'SAL','GAN',36,69,'SEASON','REGULAR',NULL,NULL,'HOME','Y'),
(2011,2,'CA','CHA',43,39,'SEASON','REGULAR',NULL,NULL,'GUEST','Y'),
(2011,2,'GUE','PIR',68,56,'SEASON','REGULAR',NULL,NULL,'GUEST','Y'),
(2011,2,'RUD','GT',58,34,'SEASON','REGULAR',NULL,NULL,'GUEST','Y'),
(2011,3,'COL','TIZ',44,32,'SEASON','REGULAR',NULL,NULL,'GUEST','Y'),
(2011,3,'TRO','VIL',38,47,'SEASON','REGULAR',NULL,NULL,'HOME','Y'),
(2011,3,'SAL','PIR',30,61,'SEASON','REGULAR',NULL,NULL,'HOME','Y'),
(2011,3,'CA','GT',64,24,'SEASON','REGULAR',NULL,NULL,'GUEST','Y'),
(2011,3,'GUE','GAN',60,64,'SEASON','REGULAR',NULL,NULL,'HOME','Y'),
(2011,3,'RUD','CHA',42,47,'SEASON','REGULAR',NULL,NULL,'HOME','Y'),
(2011,4,'GT','PIR',41,42,'SEASON','REGULAR',NULL,NULL,'HOME','Y'),
(2011,4,'CHA','GAN',36,64,'SEASON','REGULAR',NULL,NULL,'HOME','Y'),
(2011,4,'TIZ','SAL',47,55,'SEASON','REGULAR',NULL,NULL,'HOME','Y'),
(2011,4,'COL','CA',42,77,'SEASON','REGULAR',NULL,NULL,'HOME','Y'),
(2011,4,'VIL','GUE',32,54,'SEASON','REGULAR',NULL,NULL,'HOME','Y'),
(2011,4,'TRO','RUD',40,48,'SEASON','REGULAR',NULL,NULL,'HOME','Y'),
(2011,5,'CA','SAL',38,34,'SEASON','REGULAR',NULL,NULL,'GUEST','Y'),
(2011,5,'RUD','GUE',34,48,'SEASON','REGULAR',NULL,NULL,'HOME','Y'),
(2011,5,'TIZ','PIR',26,54,'SEASON','REGULAR',NULL,NULL,'HOME','Y'),
(2011,5,'COL','GT',73,55,'SEASON','REGULAR',NULL,NULL,'GUEST','Y'),
(2011,5,'VIL','GAN',35,41,'SEASON','REGULAR',NULL,NULL,'HOME','Y'),
(2011,5,'TRO','CHA',33,18,'SEASON','REGULAR',NULL,NULL,'GUEST','Y'),
(2011,6,'CHA','PIR',39,28,'SEASON','REGULAR',NULL,NULL,'GUEST','Y'),
(2011,6,'GAN','GT',60,27,'SEASON','REGULAR',NULL,NULL,'GUEST','Y'),
(2011,6,'TIZ','GUE',28,39,'SEASON','REGULAR',NULL,NULL,'HOME','Y'),
(2011,6,'COL','RUD',32,48,'SEASON','REGULAR',NULL,NULL,'HOME','Y'),
(2011,6,'VIL','SAL',42,48,'SEASON','REGULAR',NULL,NULL,'HOME','Y'),
(2011,6,'TRO','CA',36,57,'SEASON','REGULAR',NULL,NULL,'HOME','Y'),
(2011,7,'RUD','SAL',36,40,'SEASON','REGULAR',NULL,NULL,'HOME','Y'),
(2011,7,'GUE','CA',51,44,'SEASON','REGULAR',NULL,NULL,'GUEST','Y'),
(2011,7,'TIZ','GAN',44,28,'SEASON','REGULAR',NULL,NULL,'GUEST','Y'),
(2011,7,'COL','CHA',41,36,'SEASON','REGULAR',NULL,NULL,'GUEST','Y'),
(2011,7,'VIL','PIR',21,47,'SEASON','REGULAR',NULL,NULL,'HOME','Y'),
(2011,7,'TRO','GT',43,17,'SEASON','REGULAR',NULL,NULL,'GUEST','Y'),
(2011,8,'PIR','GAN',52,47,'SEASON','REGULAR',NULL,NULL,'GUEST','Y'),
(2011,8,'CHA','GT',41,34,'SEASON','REGULAR',NULL,NULL,'GUEST','Y'),
(2011,8,'CA','TIZ',18,26,'SEASON','REGULAR',NULL,NULL,'HOME','Y'),
(2011,8,'GUE','COL',40,54,'SEASON','REGULAR',NULL,NULL,'HOME','Y'),
(2011,8,'RUD','VIL',38,50,'SEASON','REGULAR',NULL,NULL,'HOME','Y'),
(2011,8,'SAL','TRO',25,44,'SEASON','REGULAR',NULL,NULL,'HOME','Y'),
(2011,9,'SAL','GUE',30,62,'SEASON','REGULAR',NULL,NULL,'HOME','Y'),
(2011,9,'RUD','CA',35,41,'SEASON','REGULAR',NULL,NULL,'HOME','Y'),
(2011,9,'GT','TIZ',37,26,'SEASON','REGULAR',NULL,NULL,'GUEST','Y'),
(2011,9,'GAN','COL',49,48,'SEASON','REGULAR',NULL,NULL,'GUEST','Y'),
(2011,9,'CHA','VIL',38,60,'SEASON','REGULAR',NULL,NULL,'HOME','Y'),
(2011,9,'PIR','TRO',32,57,'SEASON','REGULAR',NULL,NULL,'HOME','Y'),
(2011,10,'GT','SAL',32,33,'SEASON','REGULAR',NULL,NULL,'HOME','Y'),
(2011,10,'GAN','CA',53,36,'SEASON','REGULAR',NULL,NULL,'GUEST','Y'),
(2011,10,'CHA','GUE',56,54,'SEASON','REGULAR',NULL,NULL,'GUEST','Y'),
(2011,10,'PIR','RUD',32,59,'SEASON','REGULAR',NULL,NULL,'HOME','Y'),
(2011,10,'VIL','TIZ',40,31,'SEASON','REGULAR',NULL,NULL,'GUEST','Y'),
(2011,10,'COL','TRO',29,48,'SEASON','REGULAR',NULL,NULL,'HOME','Y'),
(2011,11,'PIR','CA',37,34,'SEASON','REGULAR',NULL,NULL,'GUEST','Y'),
(2011,11,'GAN','RUD',47,45,'SEASON','REGULAR',NULL,NULL,'GUEST','Y'),
(2011,11,'CHA','TIZ',30,38,'SEASON','REGULAR',NULL,NULL,'HOME','Y'),
(2011,11,'SAL','COL',47,26,'SEASON','REGULAR',NULL,NULL,'GUEST','Y'),
(2011,11,'GT','VIL',30,59,'SEASON','REGULAR',NULL,NULL,'HOME','Y'),
(2011,11,'GUE','TRO',37,33,'SEASON','REGULAR',NULL,NULL,'GUEST','Y'),
(2011,12,'PIR','CHA',62,23,'SEASON','REGULAR',NULL,NULL,'GUEST','Y'),
(2011,12,'GT','GAN',20,50,'SEASON','REGULAR',NULL,NULL,'HOME','Y'),
(2011,12,'SAL','RUD',43,25,'SEASON','REGULAR',NULL,NULL,'GUEST','Y'),
(2011,12,'CA','GUE',44,38,'SEASON','REGULAR',NULL,NULL,'GUEST','Y'),
(2011,12,'TIZ','TRO',16,33,'SEASON','REGULAR',NULL,NULL,'HOME','Y'),
(2011,12,'COL','VIL',36,65,'SEASON','REGULAR',NULL,NULL,'HOME','Y'),
(2011,13,'TIZ','VIL',37,64,'SEASON','REGULAR',NULL,NULL,'HOME','Y'),
(2011,13,'TRO','COL',54,62,'SEASON','REGULAR',NULL,NULL,'HOME','Y'),
(2011,13,'SAL','CA',40,54,'SEASON','REGULAR',NULL,NULL,'HOME','Y'),
(2011,13,'GUE','RUD',38,25,'SEASON','REGULAR',NULL,NULL,'GUEST','Y'),
(2011,13,'PIR','GT',38,29,'SEASON','REGULAR',NULL,NULL,'GUEST','Y'),
(2011,13,'GAN','CHA',37,24,'SEASON','REGULAR',NULL,NULL,'GUEST','Y'),
(2011,14,'TIZ','COL',31,54,'SEASON','REGULAR',NULL,NULL,'HOME','Y'),
(2011,14,'VIL','TRO',66,47,'SEASON','REGULAR',NULL,NULL,'GUEST','Y'),
(2011,14,'GAN','PIR',56,48,'SEASON','REGULAR',NULL,NULL,'GUEST','Y'),
(2011,14,'GT','CHA',25,43,'SEASON','REGULAR',NULL,NULL,'HOME','Y'),
(2011,14,'GUE','SAL',34,45,'SEASON','REGULAR',NULL,NULL,'HOME','Y'),
(2011,14,'CA','RUD',31,61,'SEASON','REGULAR',NULL,NULL,'HOME','Y'),
(2011,15,'PIR','CA',67,37,'ROUND1','REGULAR',NULL,NULL,'GUEST','Y'),
(2011,15,'SAL','VIL',31,64,'ROUND1','REGULAR',NULL,NULL,'HOME','Y'),
(2011,16,'PIR','GAN',48,58,'ROUND2','REGULAR',NULL,NULL,'HOME','Y'),
(2011,16,'VIL','GUE',61,40,'ROUND2','REGULAR',NULL,NULL,'GUEST','Y'),
(2011,17,'VIL','GAN',61,65,'NOPAL_BOWL','REGULAR',NULL,NULL,'HOME','Y'),
(2012,1,'SAL','CHA',48,54,'SEASON','REGULAR',NULL,NULL,'HOME','Y'),
(2012,1,'GUE','GT',53,66,'SEASON','REGULAR',NULL,NULL,'HOME','Y'),
(2012,1,'TIZ','RUD',48,61,'SEASON','REGULAR',NULL,NULL,'HOME','Y'),
(2012,1,'COL','PIR',54,43,'SEASON','REGULAR',NULL,NULL,'GUEST','Y'),
(2012,1,'VIL','CA',53,42,'SEASON','REGULAR',NULL,NULL,'GUEST','Y'),
(2012,1,'TRO','GAN',56,47,'SEASON','REGULAR',NULL,NULL,'GUEST','Y'),
(2012,2,'TRO','COL',44,27,'SEASON','REGULAR',NULL,NULL,'GUEST','Y'),
(2012,2,'TIZ','VIL',47,41,'SEASON','REGULAR',NULL,NULL,'GUEST','Y'),
(2012,2,'SAL','CA',49,40,'SEASON','REGULAR',NULL,NULL,'GUEST','Y'),
(2012,2,'GAN','CHA',44,48,'SEASON','REGULAR',NULL,NULL,'HOME','Y'),
(2012,2,'GUE','RUD',46,45,'SEASON','REGULAR',NULL,NULL,'GUEST','Y'),
(2012,2,'PIR','GT',64,52,'SEASON','REGULAR',NULL,NULL,'GUEST','Y'),
(2012,3,'COL','TIZ',44,36,'SEASON','REGULAR',NULL,NULL,'GUEST','Y'),
(2012,3,'TRO','VIL',40,57,'SEASON','REGULAR',NULL,NULL,'HOME','Y'),
(2012,3,'PIR','SAL',49,65,'SEASON','REGULAR',NULL,NULL,'HOME','Y'),
(2012,3,'GT','CA',48,50,'SEASON','REGULAR',NULL,NULL,'HOME','Y'),
(2012,3,'GAN','GUE',40,60,'SEASON','REGULAR',NULL,NULL,'HOME','Y'),
(2012,3,'CHA','RUD',41,41,'SEASON','BENCH',0,1,'HOME','Y'),
(2012,4,'GT','PIR',57,44,'SEASON','REGULAR',NULL,NULL,'GUEST','Y'),
(2012,4,'CHA','GAN',59,46,'SEASON','REGULAR',NULL,NULL,'GUEST','Y'),
(2012,4,'SAL','TIZ',30,53,'SEASON','REGULAR',NULL,NULL,'HOME','Y'),
(2012,4,'CA','COL',70,55,'SEASON','REGULAR',NULL,NULL,'GUEST','Y'),
(2012,4,'GUE','VIL',44,51,'SEASON','REGULAR',NULL,NULL,'HOME','Y'),
(2012,4,'RUD','TRO',62,55,'SEASON','REGULAR',NULL,NULL,'GUEST','Y'),
(2012,5,'CA','SAL',53,28,'SEASON','REGULAR',NULL,NULL,'GUEST','Y'),
(2012,5,'RUD','GUE',52,56,'SEASON','REGULAR',NULL,NULL,'HOME','Y'),
(2012,5,'PIR','TIZ',50,36,'SEASON','REGULAR',NULL,NULL,'GUEST','Y'),
(2012,5,'GT','COL',44,35,'SEASON','REGULAR',NULL,NULL,'GUEST','Y'),
(2012,5,'GAN','VIL',57,76,'SEASON','REGULAR',NULL,NULL,'HOME','Y'),
(2012,5,'CHA','TRO',36,62,'SEASON','REGULAR',NULL,NULL,'HOME','Y'),
(2012,6,'CHA','PIR',39,36,'SEASON','REGULAR',NULL,NULL,'GUEST','Y'),
(2012,6,'GAN','GT',24,44,'SEASON','REGULAR',NULL,NULL,'HOME','Y'),
(2012,6,'GUE','TIZ',18,62,'SEASON','REGULAR',NULL,NULL,'HOME','Y'),
(2012,6,'RUD','COL',41,69,'SEASON','REGULAR',NULL,NULL,'HOME','Y'),
(2012,6,'SAL','VIL',63,52,'SEASON','REGULAR',NULL,NULL,'GUEST','Y'),
(2012,6,'CA','TRO',37,44,'SEASON','REGULAR',NULL,NULL,'HOME','Y'),
(2012,7,'RUD','SAL',44,41,'SEASON','REGULAR',NULL,NULL,'GUEST','Y'),
(2012,7,'GUE','CA',41,34,'SEASON','REGULAR',NULL,NULL,'GUEST','Y'),
(2012,7,'GAN','TIZ',49,40,'SEASON','REGULAR',NULL,NULL,'GUEST','Y'),
(2012,7,'CHA','COL',35,33,'SEASON','REGULAR',NULL,NULL,'GUEST','Y'),
(2012,7,'PIR','VIL',46,44,'SEASON','REGULAR',NULL,NULL,'GUEST','Y'),
(2012,7,'GT','TRO',54,45,'SEASON','REGULAR',NULL,NULL,'GUEST','Y'),
(2012,8,'PIR','GAN',42,31,'SEASON','REGULAR',NULL,NULL,'GUEST','Y'),
(2012,8,'CHA','GT',53,42,'SEASON','REGULAR',NULL,NULL,'GUEST','Y'),
(2012,8,'TIZ','CA',22,62,'SEASON','REGULAR',NULL,NULL,'HOME','Y'),
(2012,8,'COL','GUE',54,37,'SEASON','REGULAR',NULL,NULL,'GUEST','Y'),
(2012,8,'VIL','RUD',50,31,'SEASON','REGULAR',NULL,NULL,'GUEST','Y'),
(2012,8,'TRO','SAL',30,28,'SEASON','REGULAR',NULL,NULL,'GUEST','Y'),
(2012,9,'SAL','GUE',29,49,'SEASON','REGULAR',NULL,NULL,'HOME','Y'),
(2012,9,'RUD','CA',30,44,'SEASON','REGULAR',NULL,NULL,'HOME','Y'),
(2012,9,'TIZ','GT',39,65,'SEASON','REGULAR',NULL,NULL,'HOME','Y'),
(2012,9,'COL','GAN',43,62,'SEASON','REGULAR',NULL,NULL,'HOME','Y'),
(2012,9,'VIL','CHA',43,53,'SEASON','REGULAR',NULL,NULL,'HOME','Y'),
(2012,9,'TRO','PIR',50,52,'SEASON','REGULAR',NULL,NULL,'HOME','Y'),
(2012,10,'SAL','GT',39,72,'SEASON','REGULAR',NULL,NULL,'HOME','Y'),
(2012,10,'CA','GAN',28,67,'SEASON','REGULAR',NULL,NULL,'HOME','Y'),
(2012,10,'GUE','CHA',29,42,'SEASON','REGULAR',NULL,NULL,'HOME','Y'),
(2012,10,'RUD','PIR',41,47,'SEASON','REGULAR',NULL,NULL,'HOME','Y'),
(2012,10,'VIL','COL',67,50,'SEASON','REGULAR',NULL,NULL,'GUEST','Y'),
(2012,10,'TRO','TIZ',27,30,'SEASON','REGULAR',NULL,NULL,'HOME','Y'),
(2012,11,'CA','PIR',34,42,'SEASON','REGULAR',NULL,NULL,'HOME','Y'),
(2012,11,'RUD','GAN',26,41,'SEASON','REGULAR',NULL,NULL,'HOME','Y'),
(2012,11,'TIZ','CHA',18,35,'SEASON','REGULAR',NULL,NULL,'HOME','Y'),
(2012,11,'COL','SAL',50,40,'SEASON','REGULAR',NULL,NULL,'GUEST','Y'),
(2012,11,'VIL','GT',41,38,'SEASON','REGULAR',NULL,NULL,'GUEST','Y'),
(2012,11,'TRO','GUE',34,45,'SEASON','REGULAR',NULL,NULL,'HOME','Y'),
(2012,12,'VIL','TIZ',50,38,'SEASON','REGULAR',NULL,NULL,'GUEST','Y'),
(2012,12,'COL','TRO',43,56,'SEASON','REGULAR',NULL,NULL,'HOME','Y'),
(2012,12,'GAN','SAL',22,34,'SEASON','REGULAR',NULL,NULL,'HOME','Y'),
(2012,12,'CHA','CA',52,47,'SEASON','REGULAR',NULL,NULL,'GUEST','Y'),
(2012,12,'PIR','GUE',42,55,'SEASON','REGULAR',NULL,NULL,'HOME','Y'),
(2012,12,'GT','RUD',47,62,'SEASON','REGULAR',NULL,NULL,'HOME','Y'),
(2012,13,'TIZ','TRO',37,48,'SEASON','REGULAR',NULL,NULL,'HOME','Y'),
(2012,13,'COL','VIL',42,66,'SEASON','REGULAR',NULL,NULL,'HOME','Y'),
(2012,13,'SAL','RUD',36,71,'SEASON','REGULAR',NULL,NULL,'HOME','Y'),
(2012,13,'CA','GUE',27,40,'SEASON','REGULAR',NULL,NULL,'HOME','Y'),
(2012,13,'PIR','CHA',43,46,'SEASON','REGULAR',NULL,NULL,'HOME','Y'),
(2012,13,'GT','GAN',44,44,'SEASON','BENCH',1,0,'GUEST','Y'),
(2012,14,'TIZ','COL',70,44,'SEASON','REGULAR',NULL,NULL,'GUEST','Y'),
(2012,14,'VIL','TRO',47,35,'SEASON','REGULAR',NULL,NULL,'GUEST','Y'),
(2012,14,'GAN','PIR',49,47,'SEASON','REGULAR',NULL,NULL,'GUEST','Y'),
(2012,14,'GT','CHA',60,49,'SEASON','REGULAR',NULL,NULL,'GUEST','Y'),
(2012,14,'GUE','SAL',44,46,'SEASON','REGULAR',NULL,NULL,'HOME','Y'),
(2012,14,'CA','RUD',38,49,'SEASON','REGULAR',NULL,NULL,'HOME','Y'),
(2012,15,'PIR','GT',29,42,'ROUND1','REGULAR',NULL,NULL,'HOME','Y'),
(2012,15,'RUD','GUE',31,64,'ROUND1','REGULAR',NULL,NULL,'HOME','Y'),
(2012,16,'GT','CHA',62,43,'ROUND2','REGULAR',NULL,NULL,'GUEST','Y'),
(2012,16,'GUE','VIL',61,47,'ROUND2','REGULAR',NULL,NULL,'GUEST','Y'),
(2012,17,'GT','GUE',42,48,'NOPAL_BOWL','REGULAR',NULL,NULL,'HOME','Y'),
(2013,1,'PIR','CA',50,43,'SEASON','REGULAR',NULL,NULL,'GUEST','Y'),
(2013,1,'GAN','RUD',33,67,'SEASON','REGULAR',NULL,NULL,'HOME','Y'),
(2013,1,'CHA','TIZ',53,47,'SEASON','REGULAR',NULL,NULL,'GUEST','Y'),
(2013,1,'SAL','COL',52,82,'SEASON','REGULAR',NULL,NULL,'HOME','Y'),
(2013,1,'GT','VIL',71,64,'SEASON','REGULAR',NULL,NULL,'GUEST','Y'),
(2013,1,'GUE','TRO',54,64,'SEASON','REGULAR',NULL,NULL,'HOME','Y'),
(2013,2,'TIZ','VIL',57,55,'SEASON','REGULAR',NULL,NULL,'GUEST','Y'),
(2013,2,'TRO','COL',51,51,'SEASON','BENCH',1,0,'GUEST','Y'),
(2013,2,'SAL','GAN',60,40,'SEASON','REGULAR',NULL,NULL,'GUEST','Y'),
(2013,2,'CA','CHA',66,56,'SEASON','REGULAR',NULL,NULL,'GUEST','Y'),
(2013,2,'GUE','PIR',50,42,'SEASON','REGULAR',NULL,NULL,'GUEST','Y'),
(2013,2,'RUD','GT',36,52,'SEASON','REGULAR',NULL,NULL,'HOME','Y'),
(2013,3,'TIZ','COL',44,33,'SEASON','REGULAR',NULL,NULL,'GUEST','Y'),
(2013,3,'VIL','TRO',62,35,'SEASON','REGULAR',NULL,NULL,'GUEST','Y'),
(2013,3,'SAL','PIR',47,58,'SEASON','REGULAR',NULL,NULL,'HOME','Y'),
(2013,3,'CA','GT',34,52,'SEASON','REGULAR',NULL,NULL,'HOME','Y'),
(2013,3,'GUE','GAN',28,37,'SEASON','REGULAR',NULL,NULL,'HOME','Y'),
(2013,3,'RUD','CHA',50,62,'SEASON','REGULAR',NULL,NULL,'HOME','Y'),
(2013,4,'PIR','GT',65,70,'SEASON','REGULAR',NULL,NULL,'HOME','Y'),
(2013,4,'GAN','CHA',30,54,'SEASON','REGULAR',NULL,NULL,'HOME','Y'),
(2013,4,'TIZ','SAL',49,34,'SEASON','REGULAR',NULL,NULL,'GUEST','Y'),
(2013,4,'COL','CA',55,50,'SEASON','REGULAR',NULL,NULL,'GUEST','Y'),
(2013,4,'VIL','GUE',55,50,'SEASON','REGULAR',NULL,NULL,'GUEST','Y'),
(2013,4,'TRO','RUD',58,38,'SEASON','REGULAR',NULL,NULL,'GUEST','Y'),
(2013,5,'SAL','CA',22,48,'SEASON','REGULAR',NULL,NULL,'HOME','Y'),
(2013,5,'GUE','RUD',38,42,'SEASON','REGULAR',NULL,NULL,'HOME','Y'),
(2013,5,'TIZ','PIR',43,50,'SEASON','REGULAR',NULL,NULL,'HOME','Y'),
(2013,5,'COL','GT',55,63,'SEASON','REGULAR',NULL,NULL,'HOME','Y'),
(2013,5,'VIL','GAN',36,24,'SEASON','REGULAR',NULL,NULL,'GUEST','Y'),
(2013,5,'TRO','CHA',69,23,'SEASON','REGULAR',NULL,NULL,'GUEST','Y'),
(2013,6,'CHA','PIR',48,46,'SEASON','REGULAR',NULL,NULL,'GUEST','Y'),
(2013,6,'GAN','GT',39,51,'SEASON','REGULAR',NULL,NULL,'HOME','Y'),
(2013,6,'TIZ','GUE',37,30,'SEASON','REGULAR',NULL,NULL,'GUEST','Y'),
(2013,6,'COL','RUD',46,58,'SEASON','REGULAR',NULL,NULL,'HOME','Y'),
(2013,6,'VIL','SAL',51,36,'SEASON','REGULAR',NULL,NULL,'GUEST','Y'),
(2013,6,'TRO','CA',23,47,'SEASON','REGULAR',NULL,NULL,'HOME','Y'),
(2013,7,'SAL','RUD',36,67,'SEASON','REGULAR',NULL,NULL,'HOME','Y'),
(2013,7,'CA','GUE',29,33,'SEASON','REGULAR',NULL,NULL,'HOME','Y'),
(2013,7,'TIZ','GAN',59,26,'SEASON','REGULAR',NULL,NULL,'GUEST','Y'),
(2013,7,'COL','CHA',42,36,'SEASON','REGULAR',NULL,NULL,'GUEST','Y'),
(2013,7,'VIL','PIR',58,39,'SEASON','REGULAR',NULL,NULL,'GUEST','Y'),
(2013,7,'TRO','GT',35,61,'SEASON','REGULAR',NULL,NULL,'HOME','Y'),
(2013,8,'GAN','PIR',55,67,'SEASON','REGULAR',NULL,NULL,'HOME','Y'),
(2013,8,'GT','CHA',59,66,'SEASON','REGULAR',NULL,NULL,'HOME','Y'),
(2013,8,'CA','TIZ',22,11,'SEASON','REGULAR',NULL,NULL,'GUEST','Y'),
(2013,8,'GUE','COL',18,32,'SEASON','REGULAR',NULL,NULL,'HOME','Y'),
(2013,8,'RUD','VIL',58,52,'SEASON','REGULAR',NULL,NULL,'GUEST','Y'),
(2013,8,'SAL','TRO',30,57,'SEASON','REGULAR',NULL,NULL,'HOME','Y'),
(2013,9,'GUE','SAL',23,29,'SEASON','REGULAR',NULL,NULL,'HOME','Y'),
(2013,9,'CA','RUD',31,24,'SEASON','REGULAR',NULL,NULL,'GUEST','Y'),
(2013,9,'GT','TIZ',5,66,'SEASON','REGULAR',NULL,NULL,'HOME','Y'),
(2013,9,'GAN','COL',36,14,'SEASON','REGULAR',NULL,NULL,'GUEST','Y'),
(2013,9,'CHA','VIL',67,42,'SEASON','REGULAR',NULL,NULL,'GUEST','Y'),
(2013,9,'PIR','TRO',59,72,'SEASON','REGULAR',NULL,NULL,'HOME','Y'),
(2013,10,'GT','SAL',44,37,'SEASON','REGULAR',NULL,NULL,'GUEST','Y'),
(2013,10,'GAN','CA',43,46,'SEASON','REGULAR',NULL,NULL,'HOME','Y'),
(2013,10,'CHA','GUE',37,24,'SEASON','REGULAR',NULL,NULL,'GUEST','Y'),
(2013,10,'PIR','RUD',58,53,'SEASON','REGULAR',NULL,NULL,'GUEST','Y'),
(2013,10,'COL','VIL',36,47,'SEASON','REGULAR',NULL,NULL,'HOME','Y'),
(2013,10,'TIZ','TRO',42,30,'SEASON','REGULAR',NULL,NULL,'GUEST','Y'),
(2013,11,'CHA','SAL',54,43,'SEASON','REGULAR',NULL,NULL,'GUEST','Y'),
(2013,11,'GT','GUE',51,42,'SEASON','REGULAR',NULL,NULL,'GUEST','Y'),
(2013,11,'RUD','TIZ',48,51,'SEASON','REGULAR',NULL,NULL,'HOME','Y'),
(2013,11,'PIR','COL',33,27,'SEASON','REGULAR',NULL,NULL,'GUEST','Y'),
(2013,11,'CA','VIL',20,69,'SEASON','REGULAR',NULL,NULL,'HOME','Y'),
(2013,11,'GAN','TRO',41,44,'SEASON','REGULAR',NULL,NULL,'HOME','Y'),
(2013,12,'VIL','TIZ',47,30,'SEASON','REGULAR',NULL,NULL,'GUEST','Y'),
(2013,12,'COL','TRO',24,59,'SEASON','REGULAR',NULL,NULL,'HOME','Y'),
(2013,12,'CA','SAL',37,31,'SEASON','REGULAR',NULL,NULL,'GUEST','Y'),
(2013,12,'RUD','GUE',59,34,'SEASON','REGULAR',NULL,NULL,'GUEST','Y'),
(2013,12,'GT','PIR',43,39,'SEASON','REGULAR',NULL,NULL,'GUEST','Y'),
(2013,12,'CHA','GAN',49,50,'SEASON','REGULAR',NULL,NULL,'HOME','Y'),
(2013,13,'TRO','TIZ',50,49,'SEASON','REGULAR',NULL,NULL,'GUEST','Y'),
(2013,13,'VIL','COL',51,30,'SEASON','REGULAR',NULL,NULL,'GUEST','Y'),
(2013,13,'RUD','SAL',51,53,'SEASON','REGULAR',NULL,NULL,'HOME','Y'),
(2013,13,'GUE','CA',47,30,'SEASON','REGULAR',NULL,NULL,'GUEST','Y'),
(2013,13,'PIR','CHA',33,75,'SEASON','REGULAR',NULL,NULL,'HOME','Y'),
(2013,13,'GT','GAN',70,29,'SEASON','REGULAR',NULL,NULL,'GUEST','Y'),
(2013,14,'COL','TIZ',34,59,'SEASON','REGULAR',NULL,NULL,'HOME','Y'),
(2013,14,'TRO','VIL',41,63,'SEASON','REGULAR',NULL,NULL,'HOME','Y'),
(2013,14,'PIR','GAN',55,43,'SEASON','REGULAR',NULL,NULL,'GUEST','Y'),
(2013,14,'CHA','GT',50,71,'SEASON','REGULAR',NULL,NULL,'HOME','Y'),
(2013,14,'SAL','GUE',28,46,'SEASON','REGULAR',NULL,NULL,'HOME','Y'),
(2013,14,'RUD','CA',48,25,'SEASON','REGULAR',NULL,NULL,'GUEST','Y'),
(2013,15,'TRO','CHA',44,42,'ROUND1','REGULAR',NULL,NULL,'GUEST','Y'),
(2013,15,'TIZ','RUD',48,59,'ROUND1','REGULAR',NULL,NULL,'HOME','Y'),
(2013,16,'TRO','GT',45,73,'ROUND2','REGULAR',NULL,NULL,'HOME','Y'),
(2013,16,'RUD','VIL',53,56,'ROUND2','REGULAR',NULL,NULL,'HOME','Y'),
(2013,17,'VIL','GT',45,58,'NOPAL_BOWL','REGULAR',NULL,NULL,'HOME','Y'),
(2014,1,'SAL','CHA',70,67,'SEASON','REGULAR',NULL,NULL,'GUEST','Y'),
(2014,1,'GUE','GT',42,39,'SEASON','REGULAR',NULL,NULL,'GUEST','Y'),
(2014,1,'TIZ','RUD',49,44,'SEASON','REGULAR',NULL,NULL,'GUEST','Y'),
(2014,1,'COL','PIR',32,48,'SEASON','REGULAR',NULL,NULL,'HOME','Y'),
(2014,1,'VIL','CA',37,35,'SEASON','REGULAR',NULL,NULL,'GUEST','Y'),
(2014,1,'TRO','GAN',53,47,'SEASON','REGULAR',NULL,NULL,'GUEST','Y'),
(2014,2,'CA','SAL',31,48,'SEASON','REGULAR',NULL,NULL,'HOME','Y'),
(2014,2,'RUD','GUE',21,35,'SEASON','REGULAR',NULL,NULL,'HOME','Y'),
(2014,2,'PIR','TIZ',52,42,'SEASON','REGULAR',NULL,NULL,'GUEST','Y'),
(2014,2,'GT','COL',41,65,'SEASON','REGULAR',NULL,NULL,'HOME','Y'),
(2014,2,'GAN','VIL',51,50,'SEASON','REGULAR',NULL,NULL,'GUEST','Y'),
(2014,2,'CHA','TRO',51,51,'SEASON','BENCH',0,1,'HOME','Y'),
(2014,3,'COL','TIZ',36,51,'SEASON','REGULAR',NULL,NULL,'HOME','Y'),
(2014,3,'TRO','VIL',35,55,'SEASON','REGULAR',NULL,NULL,'HOME','Y'),
(2014,3,'PIR','SAL',19,61,'SEASON','REGULAR',NULL,NULL,'HOME','Y'),
(2014,3,'GT','CA',39,36,'SEASON','REGULAR',NULL,NULL,'GUEST','Y'),
(2014,3,'GAN','GUE',20,53,'SEASON','REGULAR',NULL,NULL,'HOME','Y'),
(2014,3,'CHA','RUD',61,14,'SEASON','REGULAR',NULL,NULL,'GUEST','Y'),
(2014,4,'GT','PIR',35,44,'SEASON','REGULAR',NULL,NULL,'HOME','Y'),
(2014,4,'CHA','GAN',18,40,'SEASON','REGULAR',NULL,NULL,'HOME','Y'),
(2014,4,'SAL','TIZ',33,43,'SEASON','REGULAR',NULL,NULL,'HOME','Y'),
(2014,4,'CA','COL',31,32,'SEASON','REGULAR',NULL,NULL,'HOME','Y'),
(2014,4,'GUE','VIL',41,42,'SEASON','REGULAR',NULL,NULL,'HOME','Y'),
(2014,4,'RUD','TRO',13,53,'SEASON','REGULAR',NULL,NULL,'HOME','Y'),
(2014,5,'VIL','TIZ',44,58,'SEASON','REGULAR',NULL,NULL,'HOME','Y'),
(2014,5,'COL','TRO',44,66,'SEASON','REGULAR',NULL,NULL,'HOME','Y'),
(2014,5,'GAN','SAL',34,48,'SEASON','REGULAR',NULL,NULL,'HOME','Y'),
(2014,5,'CHA','CA',38,43,'SEASON','REGULAR',NULL,NULL,'HOME','Y'),
(2014,5,'PIR','GUE',33,43,'SEASON','REGULAR',NULL,NULL,'HOME','Y'),
(2014,5,'GT','RUD',35,29,'SEASON','REGULAR',NULL,NULL,'GUEST','Y'),
(2014,6,'PIR','CHA',37,49,'SEASON','REGULAR',NULL,NULL,'HOME','Y'),
(2014,6,'GT','GAN',20,38,'SEASON','REGULAR',NULL,NULL,'HOME','Y'),
(2014,6,'GUE','TIZ',44,54,'SEASON','REGULAR',NULL,NULL,'HOME','Y'),
(2014,6,'RUD','COL',44,52,'SEASON','REGULAR',NULL,NULL,'HOME','Y'),
(2014,6,'SAL','VIL',44,56,'SEASON','REGULAR',NULL,NULL,'HOME','Y'),
(2014,6,'CA','TRO',55,55,'SEASON','BENCH',0,1,'HOME','Y'),
(2014,7,'RUD','SAL',18,34,'SEASON','REGULAR',NULL,NULL,'HOME','Y'),
(2014,7,'GUE','CA',42,48,'SEASON','REGULAR',NULL,NULL,'HOME','Y'),
(2014,7,'GAN','TIZ',23,59,'SEASON','REGULAR',NULL,NULL,'HOME','Y'),
(2014,7,'CHA','COL',20,42,'SEASON','REGULAR',NULL,NULL,'HOME','Y'),
(2014,7,'PIR','VIL',42,31,'SEASON','REGULAR',NULL,NULL,'GUEST','Y'),
(2014,7,'GT','TRO',33,56,'SEASON','REGULAR',NULL,NULL,'HOME','Y'),
(2014,8,'PIR','GAN',31,41,'SEASON','REGULAR',NULL,NULL,'HOME','Y'),
(2014,8,'CHA','GT',44,36,'SEASON','REGULAR',NULL,NULL,'GUEST','Y'),
(2014,8,'TIZ','CA',50,60,'SEASON','REGULAR',NULL,NULL,'HOME','Y'),
(2014,8,'COL','GUE',33,40,'SEASON','REGULAR',NULL,NULL,'HOME','Y'),
(2014,8,'VIL','RUD',39,38,'SEASON','REGULAR',NULL,NULL,'GUEST','Y'),
(2014,8,'TRO','SAL',93,39,'SEASON','REGULAR',NULL,NULL,'GUEST','Y'),
(2014,9,'SAL','GUE',34,39,'SEASON','REGULAR',NULL,NULL,'HOME','Y'),
(2014,9,'RUD','CA',26,47,'SEASON','REGULAR',NULL,NULL,'HOME','Y'),
(2014,9,'TIZ','GT',62,27,'SEASON','REGULAR',NULL,NULL,'GUEST','Y'),
(2014,9,'COL','GAN',38,38,'SEASON','BENCH',1,0,'GUEST','Y'),
(2014,9,'VIL','CHA',74,27,'SEASON','REGULAR',NULL,NULL,'GUEST','Y'),
(2014,9,'TRO','PIR',60,56,'SEASON','REGULAR',NULL,NULL,'GUEST','Y'),
(2014,10,'SAL','GT',58,44,'SEASON','REGULAR',NULL,NULL,'GUEST','Y'),
(2014,10,'CA','GAN',16,31,'SEASON','REGULAR',NULL,NULL,'HOME','Y'),
(2014,10,'GUE','CHA',38,41,'SEASON','REGULAR',NULL,NULL,'HOME','Y'),
(2014,10,'RUD','PIR',14,29,'SEASON','REGULAR',NULL,NULL,'HOME','Y'),
(2014,10,'VIL','COL',46,34,'SEASON','REGULAR',NULL,NULL,'GUEST','Y'),
(2014,10,'TRO','TIZ',69,56,'SEASON','REGULAR',NULL,NULL,'GUEST','Y'),
(2014,11,'CA','PIR',34,34,'SEASON','BENCH',0,1,'HOME','Y'),
(2014,11,'RUD','GAN',18,59,'SEASON','REGULAR',NULL,NULL,'HOME','Y'),
(2014,11,'TIZ','CHA',41,31,'SEASON','REGULAR',NULL,NULL,'GUEST','Y'),
(2014,11,'COL','SAL',39,30,'SEASON','REGULAR',NULL,NULL,'GUEST','Y'),
(2014,11,'VIL','GT',45,31,'SEASON','REGULAR',NULL,NULL,'GUEST','Y'),
(2014,11,'TRO','GUE',57,43,'SEASON','REGULAR',NULL,NULL,'GUEST','Y'),
(2014,12,'TIZ','VIL',44,54,'SEASON','REGULAR',NULL,NULL,'HOME','Y'),
(2014,12,'TRO','COL',55,38,'SEASON','REGULAR',NULL,NULL,'GUEST','Y'),
(2014,12,'SAL','CA',55,58,'SEASON','REGULAR',NULL,NULL,'HOME','Y'),
(2014,12,'GUE','RUD',38,13,'SEASON','REGULAR',NULL,NULL,'GUEST','Y'),
(2014,12,'PIR','GT',47,44,'SEASON','REGULAR',NULL,NULL,'GUEST','Y'),
(2014,12,'GAN','CHA',47,13,'SEASON','REGULAR',NULL,NULL,'GUEST','Y'),
(2014,13,'TIZ','TRO',32,56,'SEASON','REGULAR',NULL,NULL,'HOME','Y'),
(2014,13,'COL','VIL',43,50,'SEASON','REGULAR',NULL,NULL,'HOME','Y'),
(2014,13,'SAL','RUD',45,29,'SEASON','REGULAR',NULL,NULL,'GUEST','Y'),
(2014,13,'CA','GUE',57,40,'SEASON','REGULAR',NULL,NULL,'GUEST','Y'),
(2014,13,'CHA','PIR',46,31,'SEASON','REGULAR',NULL,NULL,'GUEST','Y'),
(2014,13,'GAN','GT',49,48,'SEASON','REGULAR',NULL,NULL,'GUEST','Y'),
(2014,14,'TIZ','COL',38,59,'SEASON','REGULAR',NULL,NULL,'HOME','Y'),
(2014,14,'VIL','TRO',37,49,'SEASON','REGULAR',NULL,NULL,'HOME','Y'),
(2014,14,'GAN','PIR',56,71,'SEASON','REGULAR',NULL,NULL,'HOME','Y'),
(2014,14,'GT','CHA',35,48,'SEASON','REGULAR',NULL,NULL,'HOME','Y'),
(2014,14,'GUE','SAL',67,57,'SEASON','REGULAR',NULL,NULL,'GUEST','Y'),
(2014,14,'CA','RUD',42,28,'SEASON','REGULAR',NULL,NULL,'GUEST','Y'),
(2014,15,'PIR','VIL',31,66,'ROUND1','REGULAR',NULL,NULL,'HOME','Y'),
(2014,15,'TIZ','GAN',44,54,'ROUND1','REGULAR',NULL,NULL,'HOME','Y'),
(2014,16,'VIL','TRO',48,47,'ROUND2','REGULAR',NULL,NULL,'GUEST','Y'),
(2014,16,'GAN','GUE',42,41,'ROUND2','REGULAR',NULL,NULL,'GUEST','Y'),
(2014,17,'VIL','GAN',46,36,'NOPAL_BOWL','REGULAR',NULL,NULL,'GUEST','Y'),
(2015,1,'PIR','CA',41,60,'SEASON','REGULAR',NULL,NULL,'HOME','Y'),
(2015,1,'GAN','ARR',59,45,'SEASON','REGULAR',NULL,NULL,'GUEST','Y'),
(2015,1,'CHA','TIZ',38,56,'SEASON','REGULAR',NULL,NULL,'HOME','Y'),
(2015,1,'SAL','COL',44,48,'SEASON','REGULAR',NULL,NULL,'HOME','Y'),
(2015,1,'GT','VIL',34,40,'SEASON','REGULAR',NULL,NULL,'HOME','Y'),
(2015,1,'GUE','TRO',46,46,'SEASON','BENCH',1,0,'GUEST','Y'),
(2015,2,'GT','SAL',39,50,'SEASON','REGULAR',NULL,NULL,'HOME','Y'),
(2015,2,'GAN','CA',31,44,'SEASON','REGULAR',NULL,NULL,'HOME','Y'),
(2015,2,'CHA','GUE',46,25,'SEASON','REGULAR',NULL,NULL,'GUEST','Y'),
(2015,2,'PIR','ARR',38,44,'SEASON','REGULAR',NULL,NULL,'HOME','Y'),
(2015,2,'COL','VIL',63,39,'SEASON','REGULAR',NULL,NULL,'GUEST','Y'),
(2015,2,'TIZ','TRO',72,49,'SEASON','REGULAR',NULL,NULL,'GUEST','Y'),
(2015,3,'GUE','SAL',25,50,'SEASON','REGULAR',NULL,NULL,'HOME','Y'),
(2015,3,'CA','ARR',52,55,'SEASON','REGULAR',NULL,NULL,'HOME','Y'),
(2015,3,'GT','TIZ',50,44,'SEASON','REGULAR',NULL,NULL,'GUEST','Y'),
(2015,3,'GAN','COL',38,66,'SEASON','REGULAR',NULL,NULL,'HOME','Y'),
(2015,3,'PIR','TRO',40,40,'SEASON','BENCH',0,1,'HOME','Y'),
(2015,3,'CHA','VIL',58,70,'SEASON','REGULAR',NULL,NULL,'HOME','Y'),
(2015,4,'GAN','PIR',19,56,'SEASON','REGULAR',NULL,NULL,'HOME','Y'),
(2015,4,'GT','CHA',47,26,'SEASON','REGULAR',NULL,NULL,'GUEST','Y'),
(2015,4,'CA','TIZ',46,20,'SEASON','REGULAR',NULL,NULL,'GUEST','Y'),
(2015,4,'GUE','COL',37,34,'SEASON','REGULAR',NULL,NULL,'GUEST','Y'),
(2015,4,'ARR','VIL',26,48,'SEASON','REGULAR',NULL,NULL,'HOME','Y'),
(2015,4,'SAL','TRO',34,36,'SEASON','REGULAR',NULL,NULL,'HOME','Y'),
(2015,5,'SAL','ARR',39,38,'SEASON','REGULAR',NULL,NULL,'GUEST','Y'),
(2015,5,'CA','GUE',22,27,'SEASON','REGULAR',NULL,NULL,'HOME','Y'),
(2015,5,'TIZ','GAN',48,25,'SEASON','REGULAR',NULL,NULL,'GUEST','Y'),
(2015,5,'COL','CHA',29,59,'SEASON','REGULAR',NULL,NULL,'HOME','Y'),
(2015,5,'VIL','PIR',59,61,'SEASON','REGULAR',NULL,NULL,'HOME','Y'),
(2015,5,'TRO','GT',50,55,'SEASON','REGULAR',NULL,NULL,'HOME','Y'),
(2015,6,'CHA','PIR',43,50,'SEASON','REGULAR',NULL,NULL,'HOME','Y'),
(2015,6,'GAN','GT',36,39,'SEASON','REGULAR',NULL,NULL,'HOME','Y'),
(2015,6,'TIZ','GUE',32,48,'SEASON','REGULAR',NULL,NULL,'HOME','Y'),
(2015,6,'COL','ARR',42,39,'SEASON','REGULAR',NULL,NULL,'GUEST','Y'),
(2015,6,'VIL','SAL',47,55,'SEASON','REGULAR',NULL,NULL,'HOME','Y'),
(2015,6,'TRO','CA',65,48,'SEASON','REGULAR',NULL,NULL,'GUEST','Y'),
(2015,7,'TIZ','VIL',32,66,'SEASON','REGULAR',NULL,NULL,'HOME','Y'),
(2015,7,'TRO','COL',51,53,'SEASON','REGULAR',NULL,NULL,'HOME','Y'),
(2015,7,'SAL','GAN',41,31,'SEASON','REGULAR',NULL,NULL,'GUEST','Y'),
(2015,7,'CA','CHA',37,11,'SEASON','REGULAR',NULL,NULL,'GUEST','Y'),
(2015,7,'GUE','PIR',38,49,'SEASON','REGULAR',NULL,NULL,'HOME','Y'),
(2015,7,'ARR','GT',31,52,'SEASON','REGULAR',NULL,NULL,'HOME','Y'),
(2015,8,'PIR','GT',46,67,'SEASON','REGULAR',NULL,NULL,'HOME','Y'),
(2015,8,'GAN','CHA',35,43,'SEASON','REGULAR',NULL,NULL,'HOME','Y'),
(2015,8,'TIZ','SAL',31,43,'SEASON','REGULAR',NULL,NULL,'HOME','Y'),
(2015,8,'COL','CA',43,43,'SEASON','BENCH',1,0,'GUEST','Y'),
(2015,8,'VIL','GUE',53,22,'SEASON','REGULAR',NULL,NULL,'GUEST','Y'),
(2015,8,'TRO','ARR',50,62,'SEASON','REGULAR',NULL,NULL,'HOME','Y'),
(2015,9,'TIZ','COL',26,48,'SEASON','REGULAR',NULL,NULL,'HOME','Y'),
(2015,9,'VIL','TRO',32,55,'SEASON','REGULAR',NULL,NULL,'HOME','Y'),
(2015,9,'SAL','PIR',30,41,'SEASON','REGULAR',NULL,NULL,'HOME','Y'),
(2015,9,'CA','GT',19,72,'SEASON','REGULAR',NULL,NULL,'HOME','Y'),
(2015,9,'GUE','GAN',47,57,'SEASON','REGULAR',NULL,NULL,'HOME','Y'),
(2015,9,'ARR','CHA',45,55,'SEASON','REGULAR',NULL,NULL,'HOME','Y'),
(2015,10,'SAL','CA',33,37,'SEASON','REGULAR',NULL,NULL,'HOME','Y'),
(2015,10,'GUE','ARR',28,39,'SEASON','REGULAR',NULL,NULL,'HOME','Y'),
(2015,10,'TIZ','PIR',56,56,'SEASON','BENCH',1,0,'GUEST','Y'),
(2015,10,'COL','GT',28,55,'SEASON','REGULAR',NULL,NULL,'HOME','Y'),
(2015,10,'VIL','GAN',17,48,'SEASON','REGULAR',NULL,NULL,'HOME','Y'),
(2015,10,'TRO','CHA',40,45,'SEASON','REGULAR',NULL,NULL,'HOME','Y'),
(2015,11,'CHA','SAL',26,28,'SEASON','REGULAR',NULL,NULL,'HOME','Y'),
(2015,11,'GT','GUE',25,21,'SEASON','REGULAR',NULL,NULL,'GUEST','Y'),
(2015,11,'ARR','TIZ',72,7,'SEASON','REGULAR',NULL,NULL,'GUEST','Y'),
(2015,11,'PIR','COL',35,36,'SEASON','REGULAR',NULL,NULL,'HOME','Y'),
(2015,11,'CA','VIL',65,35,'SEASON','REGULAR',NULL,NULL,'GUEST','Y'),
(2015,11,'GAN','TRO',28,47,'SEASON','REGULAR',NULL,NULL,'HOME','Y'),
(2015,12,'VIL','TIZ',49,47,'SEASON','REGULAR',NULL,NULL,'GUEST','Y'),
(2015,12,'COL','TRO',41,44,'SEASON','REGULAR',NULL,NULL,'HOME','Y'),
(2015,12,'CA','SAL',61,52,'SEASON','REGULAR',NULL,NULL,'GUEST','Y'),
(2015,12,'ARR','GUE',57,22,'SEASON','REGULAR',NULL,NULL,'GUEST','Y'),
(2015,12,'GT','PIR',52,30,'SEASON','REGULAR',NULL,NULL,'GUEST','Y'),
(2015,12,'CHA','GAN',36,47,'SEASON','REGULAR',NULL,NULL,'HOME','Y'),
(2015,13,'TRO','TIZ',51,41,'SEASON','REGULAR',NULL,NULL,'GUEST','Y'),
(2015,13,'VIL','COL',36,30,'SEASON','REGULAR',NULL,NULL,'GUEST','Y'),
(2015,13,'ARR','SAL',80,43,'SEASON','REGULAR',NULL,NULL,'GUEST','Y'),
(2015,13,'GUE','CA',33,62,'SEASON','REGULAR',NULL,NULL,'HOME','Y'),
(2015,13,'PIR','CHA',45,70,'SEASON','REGULAR',NULL,NULL,'HOME','Y'),
(2015,13,'GT','GAN',43,52,'SEASON','REGULAR',NULL,NULL,'HOME','Y'),
(2015,14,'COL','TIZ',32,59,'SEASON','REGULAR',NULL,NULL,'HOME','Y'),
(2015,14,'TRO','VIL',23,36,'SEASON','REGULAR',NULL,NULL,'HOME','Y'),
(2015,14,'PIR','GAN',59,49,'SEASON','REGULAR',NULL,NULL,'GUEST','Y'),
(2015,14,'CHA','GT',42,58,'SEASON','REGULAR',NULL,NULL,'HOME','Y'),
(2015,14,'SAL','GUE',31,34,'SEASON','REGULAR',NULL,NULL,'HOME','Y'),
(2015,14,'ARR','CA',57,46,'SEASON','REGULAR',NULL,NULL,'GUEST','Y'),
(2015,15,'CA','COL',38,66,'ROUND1','REGULAR',NULL,NULL,'HOME','Y'),
(2015,15,'TRO','ARR',51,70,'ROUND1','REGULAR',NULL,NULL,'HOME','Y'),
(2015,16,'COL','GT',42,67,'ROUND2','REGULAR',NULL,NULL,'HOME','Y'),
(2015,16,'ARR','VIL',41,45,'ROUND2','REGULAR',NULL,NULL,'HOME','Y'),
(2015,17,'VIL','GT',32,38,'NOPAL_BOWL','REGULAR',NULL,NULL,'HOME','Y'),
(2016,1,'PIR','CA',43,27,'SEASON','REGULAR',NULL,NULL,'GUEST','Y'),
(2016,1,'GAN','ARR',49,34,'SEASON','REGULAR',NULL,NULL,'GUEST','Y'),
(2016,1,'CHA','TIZ',31,57,'SEASON','REGULAR',NULL,NULL,'HOME','Y'),
(2016,1,'SAL','COL',52,30,'SEASON','REGULAR',NULL,NULL,'GUEST','Y'),
(2016,1,'GT','VIL',48,56,'SEASON','REGULAR',NULL,NULL,'HOME','Y'),
(2016,1,'PD','TRO',33,50,'SEASON','REGULAR',NULL,NULL,'HOME','Y'),
(2016,2,'GT','SAL',47,37,'SEASON','REGULAR',NULL,NULL,'GUEST','Y'),
(2016,2,'GAN','CA',57,46,'SEASON','REGULAR',NULL,NULL,'GUEST','Y'),
(2016,2,'CHA','PD',43,49,'SEASON','REGULAR',NULL,NULL,'HOME','Y'),
(2016,2,'PIR','ARR',46,41,'SEASON','REGULAR',NULL,NULL,'GUEST','Y'),
(2016,2,'COL','VIL',25,41,'SEASON','REGULAR',NULL,NULL,'HOME','Y'),
(2016,2,'TIZ','TRO',36,50,'SEASON','REGULAR',NULL,NULL,'HOME','Y'),
(2016,3,'PD','SAL',36,48,'SEASON','REGULAR',NULL,NULL,'HOME','Y'),
(2016,3,'CA','ARR',20,55,'SEASON','REGULAR',NULL,NULL,'HOME','Y'),
(2016,3,'GT','TIZ',35,66,'SEASON','REGULAR',NULL,NULL,'HOME','Y'),
(2016,3,'GAN','COL',35,56,'SEASON','REGULAR',NULL,NULL,'HOME','Y'),
(2016,3,'PIR','TRO',29,52,'SEASON','REGULAR',NULL,NULL,'HOME','Y'),
(2016,3,'CHA','VIL',39,48,'SEASON','REGULAR',NULL,NULL,'HOME','Y'),
(2016,4,'GAN','PIR',46,23,'SEASON','REGULAR',NULL,NULL,'GUEST','Y'),
(2016,4,'GT','CHA',57,54,'SEASON','REGULAR',NULL,NULL,'GUEST','Y'),
(2016,4,'CA','TIZ',21,26,'SEASON','REGULAR',NULL,NULL,'HOME','Y'),
(2016,4,'PD','COL',32,13,'SEASON','REGULAR',NULL,NULL,'GUEST','Y'),
(2016,4,'ARR','VIL',47,43,'SEASON','REGULAR',NULL,NULL,'GUEST','Y'),
(2016,4,'SAL','TRO',49,39,'SEASON','REGULAR',NULL,NULL,'GUEST','Y'),
(2016,5,'SAL','ARR',31,51,'SEASON','REGULAR',NULL,NULL,'HOME','Y'),
(2016,5,'CA','PD',36,43,'SEASON','REGULAR',NULL,NULL,'HOME','Y'),
(2016,5,'TIZ','GAN',43,49,'SEASON','REGULAR',NULL,NULL,'HOME','Y'),
(2016,5,'COL','CHA',38,22,'SEASON','REGULAR',NULL,NULL,'GUEST','Y'),
(2016,5,'VIL','PIR',53,38,'SEASON','REGULAR',NULL,NULL,'GUEST','Y'),
(2016,5,'TRO','GT',34,49,'SEASON','REGULAR',NULL,NULL,'HOME','Y'),
(2016,6,'CHA','PIR',40,45,'SEASON','REGULAR',NULL,NULL,'HOME','Y'),
(2016,6,'GAN','GT',61,35,'SEASON','REGULAR',NULL,NULL,'GUEST','Y'),
(2016,6,'TIZ','PD',30,34,'SEASON','REGULAR',NULL,NULL,'HOME','Y'),
(2016,6,'COL','ARR',52,36,'SEASON','REGULAR',NULL,NULL,'GUEST','Y'),
(2016,6,'VIL','SAL',50,30,'SEASON','REGULAR',NULL,NULL,'GUEST','Y'),
(2016,6,'TRO','CA',56,43,'SEASON','REGULAR',NULL,NULL,'GUEST','Y'),
(2016,7,'TIZ','VIL',36,51,'SEASON','REGULAR',NULL,NULL,'HOME','Y'),
(2016,7,'TRO','COL',35,54,'SEASON','REGULAR',NULL,NULL,'HOME','Y'),
(2016,7,'SAL','GAN',53,33,'SEASON','REGULAR',NULL,NULL,'GUEST','Y'),
(2016,7,'CA','CHA',42,43,'SEASON','REGULAR',NULL,NULL,'HOME','Y'),
(2016,7,'PD','PIR',31,32,'SEASON','REGULAR',NULL,NULL,'HOME','Y'),
(2016,7,'ARR','GT',41,15,'SEASON','REGULAR',NULL,NULL,'GUEST','Y'),
(2016,8,'PIR','GT',37,13,'SEASON','REGULAR',NULL,NULL,'GUEST','Y'),
(2016,8,'GAN','CHA',32,49,'SEASON','REGULAR',NULL,NULL,'HOME','Y'),
(2016,8,'TIZ','SAL',8,39,'SEASON','REGULAR',NULL,NULL,'HOME','Y'),
(2016,8,'COL','CA',48,31,'SEASON','REGULAR',NULL,NULL,'GUEST','Y'),
(2016,8,'VIL','PD',61,43,'SEASON','REGULAR',NULL,NULL,'GUEST','Y'),
(2016,8,'TRO','ARR',35,41,'SEASON','REGULAR',NULL,NULL,'HOME','Y'),
(2016,9,'TIZ','COL',41,39,'SEASON','REGULAR',NULL,NULL,'GUEST','Y'),
(2016,9,'VIL','TRO',43,31,'SEASON','REGULAR',NULL,NULL,'GUEST','Y'),
(2016,9,'SAL','PIR',11,46,'SEASON','REGULAR',NULL,NULL,'HOME','Y'),
(2016,9,'CA','GT',22,27,'SEASON','REGULAR',NULL,NULL,'HOME','Y'),
(2016,9,'PD','GAN',28,57,'SEASON','REGULAR',NULL,NULL,'HOME','Y'),
(2016,9,'ARR','CHA',49,37,'SEASON','REGULAR',NULL,NULL,'GUEST','Y'),
(2016,10,'SAL','CA',40,17,'SEASON','REGULAR',NULL,NULL,'GUEST','Y'),
(2016,10,'PD','ARR',39,57,'SEASON','REGULAR',NULL,NULL,'HOME','Y'),
(2016,10,'TIZ','PIR',27,49,'SEASON','REGULAR',NULL,NULL,'HOME','Y'),
(2016,10,'COL','GT',39,57,'SEASON','REGULAR',NULL,NULL,'HOME','Y'),
(2016,10,'VIL','GAN',62,49,'SEASON','REGULAR',NULL,NULL,'GUEST','Y'),
(2016,10,'TRO','CHA',52,33,'SEASON','REGULAR',NULL,NULL,'GUEST','Y'),
(2016,11,'CHA','SAL',25,44,'SEASON','REGULAR',NULL,NULL,'HOME','Y'),
(2016,11,'GT','PD',21,23,'SEASON','REGULAR',NULL,NULL,'HOME','Y'),
(2016,11,'ARR','TIZ',31,40,'SEASON','REGULAR',NULL,NULL,'HOME','Y'),
(2016,11,'PIR','COL',36,39,'SEASON','REGULAR',NULL,NULL,'HOME','Y'),
(2016,11,'CA','VIL',11,41,'SEASON','REGULAR',NULL,NULL,'HOME','Y'),
(2016,11,'GAN','TRO',36,47,'SEASON','REGULAR',NULL,NULL,'HOME','Y'),
(2016,12,'VIL','TIZ',43,42,'SEASON','REGULAR',NULL,NULL,'GUEST','Y'),
(2016,12,'COL','TRO',46,53,'SEASON','REGULAR',NULL,NULL,'HOME','Y'),
(2016,12,'CA','SAL',37,36,'SEASON','REGULAR',NULL,NULL,'GUEST','Y'),
(2016,12,'ARR','PD',42,46,'SEASON','REGULAR',NULL,NULL,'HOME','Y'),
(2016,12,'GT','PIR',24,55,'SEASON','REGULAR',NULL,NULL,'HOME','Y'),
(2016,12,'CHA','GAN',48,35,'SEASON','REGULAR',NULL,NULL,'GUEST','Y'),
(2016,13,'TRO','TIZ',49,48,'SEASON','REGULAR',NULL,NULL,'GUEST','Y'),
(2016,13,'VIL','COL',60,35,'SEASON','REGULAR',NULL,NULL,'GUEST','Y'),
(2016,13,'ARR','SAL',51,37,'SEASON','REGULAR',NULL,NULL,'GUEST','Y'),
(2016,13,'PD','CA',34,25,'SEASON','REGULAR',NULL,NULL,'GUEST','Y'),
(2016,13,'PIR','CHA',52,43,'SEASON','REGULAR',NULL,NULL,'GUEST','Y'),
(2016,13,'GT','GAN',34,49,'SEASON','REGULAR',NULL,NULL,'HOME','Y'),
(2016,14,'COL','TIZ',44,28,'SEASON','REGULAR',NULL,NULL,'GUEST','Y'),
(2016,14,'TRO','VIL',40,40,'SEASON','BENCH',0,1,'HOME','Y'),
(2016,14,'PIR','GAN',37,35,'SEASON','REGULAR',NULL,NULL,'GUEST','Y'),
(2016,14,'CHA','GT',39,27,'SEASON','REGULAR',NULL,NULL,'GUEST','Y'),
(2016,14,'SAL','PD',27,46,'SEASON','REGULAR',NULL,NULL,'HOME','Y'),
(2016,14,'ARR','CA',35,44,'SEASON','REGULAR',NULL,NULL,'HOME','Y'),
(2016,15,'PD','TRO',49,61,'ROUND1','REGULAR',NULL,NULL,'HOME','Y'),
(2016,15,'SAL','ARR',17,47,'ROUND1','REGULAR',NULL,NULL,'HOME','Y'),
(2016,16,'TRO','VIL',39,57,'ROUND2','REGULAR',NULL,NULL,'HOME','Y'),
(2016,16,'ARR','PIR',61,61,'ROUND2','BENCH',0,1,'HOME','Y'),
(2016,17,'PIR','VIL',50,49,'NOPAL_BOWL','REGULAR',NULL,NULL,'GUEST','Y'),
(2017,1,'CHA','VIL',36,31,'SEASON','REGULAR',NULL,NULL,'GUEST','Y'),
(2017,1,'PIR','CLI',46,23,'SEASON','REGULAR',NULL,NULL,'GUEST','Y'),
(2017,1,'GT','TRO',26,30,'SEASON','REGULAR',NULL,NULL,'HOME','Y'),
(2017,1,'GAN','ARR',33,22,'SEASON','REGULAR',NULL,NULL,'GUEST','Y'),
(2017,1,'PAT','TIZ',41,33,'SEASON','REGULAR',NULL,NULL,'GUEST','Y'),
(2017,1,'SAL','PD',52,51,'SEASON','REGULAR',NULL,NULL,'GUEST','Y'),
(2017,1,'BRO','COL',22,46,'SEASON','REGULAR',NULL,NULL,'HOME','Y'),
(2017,1,'GOA','CB',39,15,'SEASON','REGULAR',NULL,NULL,'GUEST','Y'),
(2017,2,'PAT','PIR',26,47,'SEASON','REGULAR',NULL,NULL,'HOME','Y'),
(2017,2,'SAL','GT',20,20,'SEASON','BENCH',1,0,'GUEST','Y'),
(2017,2,'BRO','GAN',43,40,'SEASON','REGULAR',NULL,NULL,'GUEST','Y'),
(2017,2,'GOA','CHA',43,28,'SEASON','REGULAR',NULL,NULL,'GUEST','Y'),
(2017,2,'TIZ','CLI',22,40,'SEASON','REGULAR',NULL,NULL,'HOME','Y'),
(2017,2,'PD','TRO',45,36,'SEASON','REGULAR',NULL,NULL,'GUEST','Y'),
(2017,2,'COL','ARR',34,44,'SEASON','REGULAR',NULL,NULL,'HOME','Y'),
(2017,2,'CB','VIL',31,42,'SEASON','REGULAR',NULL,NULL,'HOME','Y'),
(2017,3,'VIL','PIR',51,40,'SEASON','REGULAR',NULL,NULL,'GUEST','Y'),
(2017,3,'CLI','GT',56,40,'SEASON','REGULAR',NULL,NULL,'GUEST','Y'),
(2017,3,'TRO','GAN',48,33,'SEASON','REGULAR',NULL,NULL,'GUEST','Y'),
(2017,3,'ARR','CHA',41,50,'SEASON','REGULAR',NULL,NULL,'HOME','Y'),
(2017,3,'TIZ','SAL',38,36,'SEASON','REGULAR',NULL,NULL,'GUEST','Y'),
(2017,3,'PD','BRO',28,55,'SEASON','REGULAR',NULL,NULL,'HOME','Y'),
(2017,3,'COL','GOA',58,37,'SEASON','REGULAR',NULL,NULL,'GUEST','Y'),
(2017,3,'CB','PAT',15,36,'SEASON','REGULAR',NULL,NULL,'HOME','Y'),
(2017,4,'CHA','GAN',36,34,'SEASON','REGULAR',NULL,NULL,'GUEST','Y'),
(2017,4,'PIR','GT',32,21,'SEASON','REGULAR',NULL,NULL,'GUEST','Y'),
(2017,4,'PAT','GOA',45,26,'SEASON','REGULAR',NULL,NULL,'GUEST','Y'),
(2017,4,'SAL','BRO',35,72,'SEASON','REGULAR',NULL,NULL,'HOME','Y'),
(2017,4,'ARR','VIL',46,44,'SEASON','REGULAR',NULL,NULL,'GUEST','Y'),
(2017,4,'CLI','TRO',38,44,'SEASON','REGULAR',NULL,NULL,'HOME','Y'),
(2017,4,'CB','TIZ',25,21,'SEASON','REGULAR',NULL,NULL,'GUEST','Y'),
(2017,4,'PD','COL',29,63,'SEASON','REGULAR',NULL,NULL,'HOME','Y'),
(2017,5,'CHA','PAT',37,60,'SEASON','REGULAR',NULL,NULL,'HOME','Y'),
(2017,5,'PIR','SAL',29,37,'SEASON','REGULAR',NULL,NULL,'HOME','Y'),
(2017,5,'GT','BRO',48,26,'SEASON','REGULAR',NULL,NULL,'GUEST','Y'),
(2017,5,'GAN','GOA',28,45,'SEASON','REGULAR',NULL,NULL,'HOME','Y'),
(2017,5,'VIL','TIZ',39,34,'SEASON','REGULAR',NULL,NULL,'GUEST','Y'),
(2017,5,'CLI','PD',38,39,'SEASON','REGULAR',NULL,NULL,'HOME','Y'),
(2017,5,'TRO','COL',52,50,'SEASON','REGULAR',NULL,NULL,'GUEST','Y'),
(2017,5,'ARR','CB',33,12,'SEASON','REGULAR',NULL,NULL,'GUEST','Y'),
(2017,6,'VIL','GAN',39,46,'SEASON','REGULAR',NULL,NULL,'HOME','Y'),
(2017,6,'CLI','CHA',36,32,'SEASON','REGULAR',NULL,NULL,'GUEST','Y'),
(2017,6,'TRO','PIR',44,43,'SEASON','REGULAR',NULL,NULL,'GUEST','Y'),
(2017,6,'ARR','GT',46,46,'SEASON','BENCH',0,1,'HOME','Y'),
(2017,6,'TIZ','GOA',35,38,'SEASON','REGULAR',NULL,NULL,'HOME','Y'),
(2017,6,'PD','PAT',39,42,'SEASON','REGULAR',NULL,NULL,'HOME','Y'),
(2017,6,'COL','SAL',20,19,'SEASON','REGULAR',NULL,NULL,'GUEST','Y'),
(2017,6,'CB','BRO',14,35,'SEASON','REGULAR',NULL,NULL,'HOME','Y'),
(2017,7,'CHA','PIR',22,51,'SEASON','REGULAR',NULL,NULL,'HOME','Y'),
(2017,7,'GAN','GT',39,29,'SEASON','REGULAR',NULL,NULL,'GUEST','Y'),
(2017,7,'PAT','SAL',36,46,'SEASON','REGULAR',NULL,NULL,'HOME','Y'),
(2017,7,'BRO','GOA',36,17,'SEASON','REGULAR',NULL,NULL,'GUEST','Y'),
(2017,7,'VIL','CLI',46,41,'SEASON','REGULAR',NULL,NULL,'GUEST','Y'),
(2017,7,'TRO','ARR',32,32,'SEASON','BENCH',0,1,'HOME','Y'),
(2017,7,'TIZ','PD',23,30,'SEASON','REGULAR',NULL,NULL,'HOME','Y'),
(2017,7,'COL','CB',42,20,'SEASON','REGULAR',NULL,NULL,'GUEST','Y'),
(2017,8,'PAT','GAN',44,45,'SEASON','REGULAR',NULL,NULL,'HOME','Y'),
(2017,8,'SAL','CHA',35,24,'SEASON','REGULAR',NULL,NULL,'GUEST','Y'),
(2017,8,'BRO','PIR',13,60,'SEASON','REGULAR',NULL,NULL,'HOME','Y'),
(2017,8,'GOA','GT',38,56,'SEASON','REGULAR',NULL,NULL,'HOME','Y'),
(2017,8,'TIZ','ARR',27,34,'SEASON','REGULAR',NULL,NULL,'HOME','Y'),
(2017,8,'PD','VIL',23,51,'SEASON','REGULAR',NULL,NULL,'HOME','Y'),
(2017,8,'COL','CLI',51,28,'SEASON','REGULAR',NULL,NULL,'GUEST','Y'),
(2017,8,'CB','TRO',13,45,'SEASON','REGULAR',NULL,NULL,'HOME','Y'),
(2017,9,'GT','CHA',18,40,'SEASON','REGULAR',NULL,NULL,'HOME','Y'),
(2017,9,'PIR','GAN',40,39,'SEASON','REGULAR',NULL,NULL,'GUEST','Y'),
(2017,9,'BRO','PAT',40,27,'SEASON','REGULAR',NULL,NULL,'GUEST','Y'),
(2017,9,'SAL','GOA',25,47,'SEASON','REGULAR',NULL,NULL,'HOME','Y'),
(2017,9,'TRO','VIL',23,41,'SEASON','REGULAR',NULL,NULL,'HOME','Y'),
(2017,9,'CLI','ARR',12,45,'SEASON','REGULAR',NULL,NULL,'HOME','Y'),
(2017,9,'COL','TIZ',30,22,'SEASON','REGULAR',NULL,NULL,'GUEST','Y'),
(2017,9,'PD','CB',30,22,'SEASON','REGULAR',NULL,NULL,'GUEST','Y'),
(2017,10,'GT','VIL',43,37,'SEASON','REGULAR',NULL,NULL,'GUEST','Y'),
(2017,10,'GAN','CLI',39,50,'SEASON','REGULAR',NULL,NULL,'HOME','Y'),
(2017,10,'CHA','TRO',37,70,'SEASON','REGULAR',NULL,NULL,'HOME','Y'),
(2017,10,'PIR','ARR',26,46,'SEASON','REGULAR',NULL,NULL,'HOME','Y'),
(2017,10,'BRO','TIZ',28,28,'SEASON','BENCH',1,0,'GUEST','Y'),
(2017,10,'GOA','PD',26,25,'SEASON','REGULAR',NULL,NULL,'GUEST','Y'),
(2017,10,'PAT','COL',41,41,'SEASON','BENCH',0,1,'HOME','Y'),
(2017,10,'SAL','CB',21,17,'SEASON','REGULAR',NULL,NULL,'GUEST','Y'),
(2017,11,'GT','PAT',30,32,'SEASON','REGULAR',NULL,NULL,'HOME','Y'),
(2017,11,'GAN','SAL',28,44,'SEASON','REGULAR',NULL,NULL,'HOME','Y'),
(2017,11,'CHA','BRO',74,33,'SEASON','REGULAR',NULL,NULL,'GUEST','Y'),
(2017,11,'PIR','GOA',48,53,'SEASON','REGULAR',NULL,NULL,'HOME','Y'),
(2017,11,'TRO','TIZ',37,42,'SEASON','REGULAR',NULL,NULL,'HOME','Y'),
(2017,11,'ARR','PD',18,29,'SEASON','REGULAR',NULL,NULL,'HOME','Y'),
(2017,11,'VIL','COL',42,71,'SEASON','REGULAR',NULL,NULL,'HOME','Y'),
(2017,11,'CLI','CB',44,17,'SEASON','REGULAR',NULL,NULL,'GUEST','Y'),
(2017,12,'GAN','CHA',39,52,'SEASON','REGULAR',NULL,NULL,'HOME','Y'),
(2017,12,'GT','PIR',15,38,'SEASON','REGULAR',NULL,NULL,'HOME','Y'),
(2017,12,'PAT','BRO',40,17,'SEASON','REGULAR',NULL,NULL,'GUEST','Y'),
(2017,12,'GOA','SAL',38,36,'SEASON','REGULAR',NULL,NULL,'GUEST','Y'),
(2017,12,'VIL','ARR',29,56,'SEASON','REGULAR',NULL,NULL,'HOME','Y'),
(2017,12,'TRO','CLI',56,45,'SEASON','REGULAR',NULL,NULL,'GUEST','Y'),
(2017,12,'TIZ','CB',52,9,'SEASON','REGULAR',NULL,NULL,'GUEST','Y'),
(2017,12,'COL','PD',40,29,'SEASON','REGULAR',NULL,NULL,'GUEST','Y'),
(2017,13,'PIR','CHA',36,46,'SEASON','REGULAR',NULL,NULL,'HOME','Y'),
(2017,13,'GT','GAN',39,34,'SEASON','REGULAR',NULL,NULL,'GUEST','Y'),
(2017,13,'SAL','PAT',35,36,'SEASON','REGULAR',NULL,NULL,'HOME','Y'),
(2017,13,'GOA','BRO',35,27,'SEASON','REGULAR',NULL,NULL,'GUEST','Y'),
(2017,13,'CLI','VIL',21,31,'SEASON','REGULAR',NULL,NULL,'HOME','Y'),
(2017,13,'ARR','TRO',40,52,'SEASON','REGULAR',NULL,NULL,'HOME','Y'),
(2017,13,'PD','TIZ',29,16,'SEASON','REGULAR',NULL,NULL,'GUEST','Y'),
(2017,13,'CB','COL',22,46,'SEASON','REGULAR',NULL,NULL,'HOME','Y'),
(2017,14,'CHA','GT',36,51,'SEASON','REGULAR',NULL,NULL,'HOME','Y'),
(2017,14,'GAN','PIR',55,41,'SEASON','REGULAR',NULL,NULL,'GUEST','Y'),
(2017,14,'GOA','PAT',42,46,'SEASON','REGULAR',NULL,NULL,'HOME','Y'),
(2017,14,'BRO','SAL',36,25,'SEASON','REGULAR',NULL,NULL,'GUEST','Y'),
(2017,14,'VIL','TRO',55,37,'SEASON','REGULAR',NULL,NULL,'GUEST','Y'),
(2017,14,'ARR','CLI',43,27,'SEASON','REGULAR',NULL,NULL,'GUEST','Y'),
(2017,14,'TIZ','COL',10,57,'SEASON','REGULAR',NULL,NULL,'HOME','Y'),
(2017,14,'CB','PD',20,27,'SEASON','REGULAR',NULL,NULL,'HOME','Y'),
(2017,15,'GOA','PIR',41,51,'DIVISIONAL','REGULAR',NULL,NULL,'HOME','Y'),
(2017,15,'BRO','PAT',55,51,'DIVISIONAL','REGULAR',NULL,NULL,'GUEST','Y'),
(2017,15,'ARR','TRO',48,45,'DIVISIONAL','REGULAR',NULL,NULL,'GUEST','Y'),
(2017,15,'VIL','COL',61,38,'DIVISIONAL','REGULAR',NULL,NULL,'GUEST','Y'),
(2017,16,'BRO','PIR',37,32,'CONFERENCE_FINAL','REGULAR',NULL,NULL,'GUEST','Y'),
(2017,16,'VIL','ARR',38,49,'CONFERENCE_FINAL','REGULAR',NULL,NULL,'HOME','Y'),
(2017,17,'BRO','ARR',12,44,'NOPAL_BOWL','REGULAR',NULL,NULL,'HOME','N'),
(2018,1,'TIZ','CHA',33,37,'SEASON','REGULAR',NULL,NULL,'HOME','Y'),
(2018,1,'PD','PIR',31,61,'SEASON','REGULAR',NULL,NULL,'HOME','Y'),
(2018,1,'COL','GT',33,24,'SEASON','REGULAR',NULL,NULL,'GUEST','Y'),
(2018,1,'CAF','GAN',32,25,'SEASON','REGULAR',NULL,NULL,'GUEST','Y'),
(2018,1,'PAT','GOA',56,26,'SEASON','REGULAR',NULL,NULL,'GUEST','Y'),
(2018,1,'BRO','SAL',33,58,'SEASON','REGULAR',NULL,NULL,'HOME','Y'),
(2018,1,'VIL','ARR',56,54,'SEASON','REGULAR',NULL,NULL,'GUEST','Y'),
(2018,1,'TRO','SKY',66,37,'SEASON','REGULAR',NULL,NULL,'GUEST','Y'),
(2018,2,'CHA','PIR',30,51,'SEASON','REGULAR',NULL,NULL,'HOME','Y'),
(2018,2,'GT','GAN',18,35,'SEASON','REGULAR',NULL,NULL,'HOME','Y'),
(2018,2,'SAL','PAT',61,44,'SEASON','REGULAR',NULL,NULL,'GUEST','Y'),
(2018,2,'GOA','BRO',44,37,'SEASON','REGULAR',NULL,NULL,'GUEST','Y'),
(2018,2,'SKY','TIZ',33,40,'SEASON','REGULAR',NULL,NULL,'HOME','Y'),
(2018,2,'TRO','PD',56,47,'SEASON','REGULAR',NULL,NULL,'GUEST','Y'),
(2018,2,'ARR','COL',33,39,'SEASON','REGULAR',NULL,NULL,'HOME','Y'),
(2018,2,'VIL','CAF',44,45,'SEASON','REGULAR',NULL,NULL,'HOME','Y'),
(2018,3,'SAL','VIL',44,45,'SEASON','REGULAR',NULL,NULL,'HOME','Y'),
(2018,3,'BRO','SKY',36,46,'SEASON','REGULAR',NULL,NULL,'HOME','Y'),
(2018,3,'GOA','TRO',25,53,'SEASON','REGULAR',NULL,NULL,'HOME','Y'),
(2018,3,'PAT','ARR',36,37,'SEASON','REGULAR',NULL,NULL,'HOME','Y'),
(2018,3,'PIR','TIZ',53,42,'SEASON','REGULAR',NULL,NULL,'GUEST','Y'),
(2018,3,'GT','PD',28,48,'SEASON','REGULAR',NULL,NULL,'HOME','Y'),
(2018,3,'GAN','COL',72,48,'SEASON','REGULAR',NULL,NULL,'GUEST','Y'),
(2018,3,'CHA','CAF',29,39,'SEASON','REGULAR',NULL,NULL,'HOME','Y'),
(2018,4,'GAN','CHA',54,63,'SEASON','REGULAR',NULL,NULL,'HOME','Y'),
(2018,4,'PIR','GT',22,57,'SEASON','REGULAR',NULL,NULL,'HOME','Y'),
(2018,4,'VIL','PAT',34,34,'SEASON','BENCH',0,1,'HOME','Y'),
(2018,4,'SKY','SAL',56,43,'SEASON','REGULAR',NULL,NULL,'GUEST','Y'),
(2018,4,'TRO','BRO',54,50,'SEASON','REGULAR',NULL,NULL,'GUEST','Y'),
(2018,4,'ARR','GOA',42,42,'SEASON','BENCH',0,1,'HOME','Y'),
(2018,4,'TIZ','CAF',37,56,'SEASON','REGULAR',NULL,NULL,'HOME','Y'),
(2018,4,'COL','PD',19,43,'SEASON','REGULAR',NULL,NULL,'HOME','Y'),
(2018,5,'PAT','CHA',31,30,'SEASON','REGULAR',NULL,NULL,'GUEST','Y'),
(2018,5,'SAL','PIR',47,53,'SEASON','REGULAR',NULL,NULL,'HOME','Y'),
(2018,5,'BRO','GT',48,37,'SEASON','REGULAR',NULL,NULL,'GUEST','Y'),
(2018,5,'GOA','GAN',37,40,'SEASON','REGULAR',NULL,NULL,'HOME','Y'),
(2018,5,'TIZ','VIL',39,44,'SEASON','REGULAR',NULL,NULL,'HOME','Y'),
(2018,5,'PD','SKY',38,30,'SEASON','REGULAR',NULL,NULL,'GUEST','Y'),
(2018,5,'COL','TRO',43,46,'SEASON','REGULAR',NULL,NULL,'HOME','Y'),
(2018,5,'CAF','ARR',41,53,'SEASON','REGULAR',NULL,NULL,'HOME','Y'),
(2018,6,'GOA','VIL',35,45,'SEASON','REGULAR',NULL,NULL,'HOME','Y'),
(2018,6,'PAT','SKY',37,40,'SEASON','REGULAR',NULL,NULL,'HOME','Y'),
(2018,6,'SAL','TRO',68,54,'SEASON','REGULAR',NULL,NULL,'GUEST','Y'),
(2018,6,'BRO','ARR',50,48,'SEASON','REGULAR',NULL,NULL,'GUEST','Y'),
(2018,6,'GAN','TIZ',48,47,'SEASON','REGULAR',NULL,NULL,'GUEST','Y'),
(2018,6,'CHA','PD',54,36,'SEASON','REGULAR',NULL,NULL,'GUEST','Y'),
(2018,6,'PIR','COL',48,29,'SEASON','REGULAR',NULL,NULL,'GUEST','Y'),
(2018,6,'GT','CAF',47,29,'SEASON','REGULAR',NULL,NULL,'GUEST','Y'),
(2018,7,'PIR','PAT',27,41,'SEASON','REGULAR',NULL,NULL,'HOME','Y'),
(2018,7,'GT','SAL',33,20,'SEASON','REGULAR',NULL,NULL,'GUEST','Y'),
(2018,7,'GAN','BRO',32,34,'SEASON','REGULAR',NULL,NULL,'HOME','Y'),
(2018,7,'CHA','GOA',60,28,'SEASON','REGULAR',NULL,NULL,'GUEST','Y'),
(2018,7,'SKY','VIL',59,43,'SEASON','REGULAR',NULL,NULL,'GUEST','Y'),
(2018,7,'ARR','TRO',39,57,'SEASON','REGULAR',NULL,NULL,'HOME','Y'),
(2018,7,'PD','TIZ',28,49,'SEASON','REGULAR',NULL,NULL,'HOME','Y'),
(2018,7,'CAF','COL',41,24,'SEASON','REGULAR',NULL,NULL,'GUEST','Y'),
(2018,8,'TIZ','GT',50,43,'SEASON','REGULAR',NULL,NULL,'GUEST','Y'),
(2018,8,'PD','GAN',46,46,'SEASON','BENCH',0,1,'HOME','Y'),
(2018,8,'COL','CHA',25,38,'SEASON','REGULAR',NULL,NULL,'HOME','Y'),
(2018,8,'CAF','PIR',41,31,'SEASON','REGULAR',NULL,NULL,'GUEST','Y'),
(2018,8,'VIL','BRO',48,26,'SEASON','REGULAR',NULL,NULL,'GUEST','Y'),
(2018,8,'SKY','GOA',39,43,'SEASON','REGULAR',NULL,NULL,'HOME','Y'),
(2018,8,'TRO','PAT',53,30,'SEASON','REGULAR',NULL,NULL,'GUEST','Y'),
(2018,8,'ARR','SAL',20,48,'SEASON','REGULAR',NULL,NULL,'HOME','Y'),
(2018,9,'CHA','GT',25,14,'SEASON','REGULAR',NULL,NULL,'GUEST','Y'),
(2018,9,'GAN','PIR',48,33,'SEASON','REGULAR',NULL,NULL,'GUEST','Y'),
(2018,9,'PAT','BRO',41,31,'SEASON','REGULAR',NULL,NULL,'GUEST','Y'),
(2018,9,'GOA','SAL',29,27,'SEASON','REGULAR',NULL,NULL,'GUEST','Y'),
(2018,9,'ARR','TIZ',35,25,'SEASON','REGULAR',NULL,NULL,'GUEST','Y'),
(2018,9,'VIL','PD',60,20,'SEASON','REGULAR',NULL,NULL,'GUEST','Y'),
(2018,9,'SKY','COL',70,29,'SEASON','REGULAR',NULL,NULL,'GUEST','Y'),
(2018,9,'TRO','CAF',38,42,'SEASON','REGULAR',NULL,NULL,'HOME','Y'),
(2018,10,'PAT','GT',38,27,'SEASON','REGULAR',NULL,NULL,'GUEST','Y'),
(2018,10,'SAL','GAN',48,34,'SEASON','REGULAR',NULL,NULL,'GUEST','Y'),
(2018,10,'BRO','CHA',56,48,'SEASON','REGULAR',NULL,NULL,'GUEST','Y'),
(2018,10,'GOA','PIR',50,49,'SEASON','REGULAR',NULL,NULL,'GUEST','Y'),
(2018,10,'TRO','VIL',52,53,'SEASON','REGULAR',NULL,NULL,'HOME','Y'),
(2018,10,'SKY','ARR',36,51,'SEASON','REGULAR',NULL,NULL,'HOME','Y'),
(2018,10,'TIZ','COL',36,27,'SEASON','REGULAR',NULL,NULL,'GUEST','Y'),
(2018,10,'CAF','PD',37,13,'SEASON','REGULAR',NULL,NULL,'GUEST','Y'),
(2018,11,'GAN','PAT',20,44,'SEASON','REGULAR',NULL,NULL,'HOME','Y'),
(2018,11,'CHA','SAL',40,32,'SEASON','REGULAR',NULL,NULL,'GUEST','Y'),
(2018,11,'PIR','BRO',60,41,'SEASON','REGULAR',NULL,NULL,'GUEST','Y'),
(2018,11,'GT','GOA',31,45,'SEASON','REGULAR',NULL,NULL,'HOME','Y'),
(2018,11,'TIZ','TRO',40,79,'SEASON','REGULAR',NULL,NULL,'HOME','Y'),
(2018,11,'PD','ARR',48,52,'SEASON','REGULAR',NULL,NULL,'HOME','Y'),
(2018,11,'COL','VIL',20,57,'SEASON','REGULAR',NULL,NULL,'HOME','Y'),
(2018,11,'CAF','SKY',26,65,'SEASON','REGULAR',NULL,NULL,'HOME','Y'),
(2018,12,'CHA','GAN',57,38,'SEASON','REGULAR',NULL,NULL,'GUEST','Y'),
(2018,12,'GT','PIR',38,48,'SEASON','REGULAR',NULL,NULL,'HOME','Y'),
(2018,12,'BRO','PAT',54,25,'SEASON','REGULAR',NULL,NULL,'GUEST','Y'),
(2018,12,'SAL','GOA',54,39,'SEASON','REGULAR',NULL,NULL,'GUEST','Y'),
(2018,12,'ARR','VIL',58,44,'SEASON','REGULAR',NULL,NULL,'GUEST','Y'),
(2018,12,'SKY','TRO',25,45,'SEASON','REGULAR',NULL,NULL,'HOME','Y'),
(2018,12,'CAF','TIZ',34,40,'SEASON','REGULAR',NULL,NULL,'HOME','Y'),
(2018,12,'PD','COL',16,33,'SEASON','REGULAR',NULL,NULL,'HOME','Y'),
(2018,13,'PIR','CHA',25,56,'SEASON','REGULAR',NULL,NULL,'HOME','Y'),
(2018,13,'GAN','GT',36,35,'SEASON','REGULAR',NULL,NULL,'GUEST','Y'),
(2018,13,'PAT','SAL',20,50,'SEASON','REGULAR',NULL,NULL,'HOME','Y'),
(2018,13,'BRO','GOA',39,42,'SEASON','REGULAR',NULL,NULL,'HOME','Y'),
(2018,13,'VIL','SKY',31,44,'SEASON','REGULAR',NULL,NULL,'HOME','Y'),
(2018,13,'TRO','ARR',36,50,'SEASON','REGULAR',NULL,NULL,'HOME','Y'),
(2018,13,'TIZ','PD',50,46,'SEASON','REGULAR',NULL,NULL,'GUEST','Y'),
(2018,13,'COL','CAF',28,26,'SEASON','REGULAR',NULL,NULL,'GUEST','Y'),
(2018,14,'GT','CHA',45,12,'SEASON','REGULAR',NULL,NULL,'GUEST','Y'),
(2018,14,'PIR','GAN',38,28,'SEASON','REGULAR',NULL,NULL,'GUEST','Y'),
(2018,14,'GOA','PAT',29,25,'SEASON','REGULAR',NULL,NULL,'GUEST','Y'),
(2018,14,'SAL','BRO',44,51,'SEASON','REGULAR',NULL,NULL,'HOME','Y'),
(2018,14,'VIL','TRO',30,47,'SEASON','REGULAR',NULL,NULL,'HOME','Y'),
(2018,14,'ARR','SKY',50,51,'SEASON','REGULAR',NULL,NULL,'HOME','Y'),
(2018,14,'COL','TIZ',33,17,'SEASON','REGULAR',NULL,NULL,'GUEST','Y'),
(2018,14,'PD','CAF',28,34,'SEASON','REGULAR',NULL,NULL,'HOME','Y'),
(2018,15,'SKY','CAF',31,44,'DIVISIONAL','REGULAR',NULL,NULL,'HOME','Y'),
(2018,15,'ARR','TRO',21,50,'DIVISIONAL','REGULAR',NULL,NULL,'HOME','Y'),
(2018,15,'PIR','SAL',45,48,'DIVISIONAL','REGULAR',NULL,NULL,'HOME','Y'),
(2018,15,'GOA','CHA',37,27,'DIVISIONAL','REGULAR',NULL,NULL,'GUEST','Y'),
(2018,16,'TRO','CAF',44,22,'CONFERENCE_FINAL','REGULAR',NULL,NULL,'GUEST','Y'),
(2018,16,'GOA','SAL',34,51,'CONFERENCE_FINAL','REGULAR',NULL,NULL,'HOME','Y'),
(2018,17,'SAL','TRO',29,51,'NOPAL_BOWL','REGULAR',NULL,NULL,'HOME','N'),
(2019,1,'SKY','PIR',50,33,'SEASON','REGULAR',NULL,NULL,'GUEST','Y'),
(2019,1,'VIL','CHA',72,30,'SEASON','REGULAR',NULL,NULL,'GUEST','Y'),
(2019,1,'TRO','GT',43,37,'SEASON','REGULAR',NULL,NULL,'GUEST','Y'),
(2019,1,'ARR','GAN',42,47,'SEASON','REGULAR',NULL,NULL,'HOME','Y'),
(2019,1,'TIZ','PAT',47,66,'SEASON','REGULAR',NULL,NULL,'HOME','Y'),
(2019,1,'PD','SAL',55,42,'SEASON','REGULAR',NULL,NULL,'GUEST','Y'),
(2019,1,'COL','BRO',50,39,'SEASON','REGULAR',NULL,NULL,'GUEST','Y'),
(2019,1,'CAF','GOA',42,53,'SEASON','REGULAR',NULL,NULL,'HOME','Y'),
(2019,2,'PAT','PIR',33,34,'SEASON','REGULAR',NULL,NULL,'HOME','Y'),
(2019,2,'SAL','GT',29,36,'SEASON','REGULAR',NULL,NULL,'HOME','Y'),
(2019,2,'BRO','GAN',49,41,'SEASON','REGULAR',NULL,NULL,'GUEST','Y'),
(2019,2,'GOA','CHA',51,69,'SEASON','REGULAR',NULL,NULL,'HOME','Y'),
(2019,2,'TIZ','SKY',40,42,'SEASON','REGULAR',NULL,NULL,'HOME','Y'),
(2019,2,'PD','TRO',43,35,'SEASON','REGULAR',NULL,NULL,'GUEST','Y'),
(2019,2,'COL','ARR',39,54,'SEASON','REGULAR',NULL,NULL,'HOME','Y'),
(2019,2,'CAF','VIL',49,42,'SEASON','REGULAR',NULL,NULL,'GUEST','Y'),
(2019,3,'PIR','VIL',40,76,'SEASON','REGULAR',NULL,NULL,'HOME','Y'),
(2019,3,'GT','SKY',29,39,'SEASON','REGULAR',NULL,NULL,'HOME','Y'),
(2019,3,'GAN','TRO',32,38,'SEASON','REGULAR',NULL,NULL,'HOME','Y'),
(2019,3,'CHA','ARR',51,52,'SEASON','REGULAR',NULL,NULL,'HOME','Y'),
(2019,3,'SAL','TIZ',44,39,'SEASON','REGULAR',NULL,NULL,'GUEST','Y'),
(2019,3,'BRO','PD',55,53,'SEASON','REGULAR',NULL,NULL,'GUEST','Y'),
(2019,3,'GOA','COL',50,50,'SEASON','BENCH',44,14,'GUEST','Y'),
(2019,3,'PAT','CAF',49,50,'SEASON','REGULAR',NULL,NULL,'HOME','Y'),
(2019,4,'GAN','CHA',29,68,'SEASON','REGULAR',NULL,NULL,'HOME','Y'),
(2019,4,'GT','PIR',25,18,'SEASON','REGULAR',NULL,NULL,'GUEST','Y'),
(2019,4,'GOA','PAT',34,41,'SEASON','REGULAR',NULL,NULL,'HOME','Y'),
(2019,4,'BRO','SAL',33,38,'SEASON','REGULAR',NULL,NULL,'HOME','Y'),
(2019,4,'VIL','ARR',47,29,'SEASON','REGULAR',NULL,NULL,'GUEST','Y'),
(2019,4,'TRO','SKY',42,30,'SEASON','REGULAR',NULL,NULL,'GUEST','Y'),
(2019,4,'TIZ','CAF',44,52,'SEASON','REGULAR',NULL,NULL,'HOME','Y'),
(2019,4,'COL','PD',46,35,'SEASON','REGULAR',NULL,NULL,'GUEST','Y'),
(2019,5,'CHA','PAT',27,38,'SEASON','REGULAR',NULL,NULL,'HOME','Y'),
(2019,5,'PIR','SAL',40,37,'SEASON','REGULAR',NULL,NULL,'GUEST','Y'),
(2019,5,'GT','BRO',44,59,'SEASON','REGULAR',NULL,NULL,'HOME','Y'),
(2019,5,'GAN','GOA',39,38,'SEASON','REGULAR',NULL,NULL,'GUEST','Y'),
(2019,5,'VIL','TIZ',47,57,'SEASON','REGULAR',NULL,NULL,'HOME','Y'),
(2019,5,'SKY','PD',35,34,'SEASON','REGULAR',NULL,NULL,'GUEST','Y'),
(2019,5,'TRO','COL',23,44,'SEASON','REGULAR',NULL,NULL,'HOME','Y'),
(2019,5,'ARR','CAF',50,55,'SEASON','REGULAR',NULL,NULL,'HOME','Y'),
(2019,6,'GAN','VIL',51,41,'SEASON','REGULAR',NULL,NULL,'GUEST','Y'),
(2019,6,'CHA','SKY',44,52,'SEASON','REGULAR',NULL,NULL,'HOME','Y'),
(2019,6,'PIR','TRO',28,31,'SEASON','REGULAR',NULL,NULL,'HOME','Y'),
(2019,6,'GT','ARR',42,43,'SEASON','REGULAR',NULL,NULL,'HOME','Y'),
(2019,6,'GOA','TIZ',39,40,'SEASON','REGULAR',NULL,NULL,'HOME','Y'),
(2019,6,'PAT','PD',43,21,'SEASON','REGULAR',NULL,NULL,'GUEST','Y'),
(2019,6,'SAL','COL',16,34,'SEASON','REGULAR',NULL,NULL,'HOME','Y'),
(2019,6,'BRO','CAF',58,47,'SEASON','REGULAR',NULL,NULL,'GUEST','Y'),
(2019,7,'PIR','CHA',27,48,'SEASON','REGULAR',NULL,NULL,'HOME','Y'),
(2019,7,'GT','GAN',27,61,'SEASON','REGULAR',NULL,NULL,'HOME','Y'),
(2019,7,'SAL','PAT',33,45,'SEASON','REGULAR',NULL,NULL,'HOME','Y'),
(2019,7,'GOA','BRO',28,24,'SEASON','REGULAR',NULL,NULL,'GUEST','Y'),
(2019,7,'SKY','VIL',40,40,'SEASON','BENCH',16,24,'HOME','Y'),
(2019,7,'ARR','TRO',19,54,'SEASON','REGULAR',NULL,NULL,'HOME','Y'),
(2019,7,'PD','TIZ',33,42,'SEASON','REGULAR',NULL,NULL,'HOME','Y'),
(2019,7,'CAF','COL',23,64,'SEASON','REGULAR',NULL,NULL,'HOME','Y'),
(2019,8,'PAT','GAN',23,36,'SEASON','REGULAR',NULL,NULL,'HOME','Y'),
(2019,8,'SAL','CHA',38,49,'SEASON','REGULAR',NULL,NULL,'HOME','Y'),
(2019,8,'BRO','PIR',36,41,'SEASON','REGULAR',NULL,NULL,'HOME','Y'),
(2019,8,'GOA','GT',14,42,'SEASON','REGULAR',NULL,NULL,'HOME','Y'),
(2019,8,'TIZ','ARR',49,46,'SEASON','REGULAR',NULL,NULL,'GUEST','Y'),
(2019,8,'PD','VIL',37,47,'SEASON','REGULAR',NULL,NULL,'HOME','Y'),
(2019,8,'COL','SKY',47,26,'SEASON','REGULAR',NULL,NULL,'GUEST','Y'),
(2019,8,'CAF','TRO',47,50,'SEASON','REGULAR',NULL,NULL,'HOME','Y'),
(2019,9,'CHA','GT',23,28,'SEASON','REGULAR',NULL,NULL,'HOME','Y'),
(2019,9,'GAN','PIR',38,46,'SEASON','REGULAR',NULL,NULL,'HOME','Y'),
(2019,9,'PAT','BRO',31,42,'SEASON','REGULAR',NULL,NULL,'HOME','Y'),
(2019,9,'GOA','SAL',55,32,'SEASON','REGULAR',NULL,NULL,'GUEST','Y'),
(2019,9,'VIL','TRO',36,50,'SEASON','REGULAR',NULL,NULL,'HOME','Y'),
(2019,9,'ARR','SKY',45,50,'SEASON','REGULAR',NULL,NULL,'HOME','Y'),
(2019,9,'TIZ','COL',44,26,'SEASON','REGULAR',NULL,NULL,'GUEST','Y'),
(2019,9,'CAF','PD',35,28,'SEASON','REGULAR',NULL,NULL,'GUEST','Y'),
(2019,10,'VIL','GT',44,37,'SEASON','REGULAR',NULL,NULL,'GUEST','Y'),
(2019,10,'SKY','GAN',49,33,'SEASON','REGULAR',NULL,NULL,'GUEST','Y'),
(2019,10,'TRO','CHA',55,25,'SEASON','REGULAR',NULL,NULL,'GUEST','Y'),
(2019,10,'ARR','PIR',71,24,'SEASON','REGULAR',NULL,NULL,'GUEST','Y'),
(2019,10,'TIZ','BRO',46,21,'SEASON','REGULAR',NULL,NULL,'GUEST','Y'),
(2019,10,'PD','GOA',31,52,'SEASON','REGULAR',NULL,NULL,'HOME','Y'),
(2019,10,'COL','PAT',40,24,'SEASON','REGULAR',NULL,NULL,'GUEST','Y'),
(2019,10,'CAF','SAL',7,40,'SEASON','REGULAR',NULL,NULL,'HOME','Y'),
(2019,11,'GT','PAT',27,35,'SEASON','REGULAR',NULL,NULL,'HOME','Y'),
(2019,11,'GAN','SAL',38,33,'SEASON','REGULAR',NULL,NULL,'GUEST','Y'),
(2019,11,'CHA','BRO',28,33,'SEASON','REGULAR',NULL,NULL,'HOME','Y'),
(2019,11,'PIR','GOA',26,56,'SEASON','REGULAR',NULL,NULL,'HOME','Y'),
(2019,11,'TRO','TIZ',32,31,'SEASON','REGULAR',NULL,NULL,'GUEST','Y'),
(2019,11,'ARR','PD',40,38,'SEASON','REGULAR',NULL,NULL,'GUEST','Y'),
(2019,11,'VIL','COL',35,22,'SEASON','REGULAR',NULL,NULL,'GUEST','Y'),
(2019,11,'SKY','CAF',55,21,'SEASON','REGULAR',NULL,NULL,'GUEST','Y'),
(2019,12,'CHA','GAN',29,56,'SEASON','REGULAR',NULL,NULL,'HOME','Y'),
(2019,12,'PIR','GT',45,46,'SEASON','REGULAR',NULL,NULL,'HOME','Y'),
(2019,12,'BRO','PAT',30,44,'SEASON','REGULAR',NULL,NULL,'HOME','Y'),
(2019,12,'SAL','GOA',40,44,'SEASON','REGULAR',NULL,NULL,'HOME','Y'),
(2019,12,'ARR','VIL',58,51,'SEASON','REGULAR',NULL,NULL,'GUEST','Y'),
(2019,12,'SKY','TRO',13,49,'SEASON','REGULAR',NULL,NULL,'HOME','Y'),
(2019,12,'CAF','TIZ',25,35,'SEASON','REGULAR',NULL,NULL,'HOME','Y'),
(2019,12,'PD','COL',35,26,'SEASON','REGULAR',NULL,NULL,'GUEST','Y'),
(2019,13,'CHA','PIR',31,25,'SEASON','REGULAR',NULL,NULL,'GUEST','Y'),
(2019,13,'GAN','GT',48,42,'SEASON','REGULAR',NULL,NULL,'GUEST','Y'),
(2019,13,'PAT','SAL',47,62,'SEASON','REGULAR',NULL,NULL,'HOME','Y'),
(2019,13,'BRO','GOA',31,37,'SEASON','REGULAR',NULL,NULL,'HOME','Y'),
(2019,13,'VIL','SKY',25,51,'SEASON','REGULAR',NULL,NULL,'HOME','Y'),
(2019,13,'TRO','ARR',35,43,'SEASON','REGULAR',NULL,NULL,'HOME','Y'),
(2019,13,'TIZ','PD',42,34,'SEASON','REGULAR',NULL,NULL,'GUEST','Y'),
(2019,13,'COL','CAF',41,49,'SEASON','REGULAR',NULL,NULL,'HOME','Y'),
(2019,14,'GT','CHA',36,40,'SEASON','REGULAR',NULL,NULL,'HOME','Y'),
(2019,14,'PIR','GAN',48,54,'SEASON','REGULAR',NULL,NULL,'HOME','Y'),
(2019,14,'PAT','GOA',39,41,'SEASON','REGULAR',NULL,NULL,'HOME','Y'),
(2019,14,'SAL','BRO',59,42,'SEASON','REGULAR',NULL,NULL,'GUEST','Y'),
(2019,14,'TRO','VIL',45,48,'SEASON','REGULAR',NULL,NULL,'HOME','Y'),
(2019,14,'SKY','ARR',45,45,'SEASON','BENCH',21,20,'GUEST','Y'),
(2019,14,'COL','TIZ',42,47,'SEASON','REGULAR',NULL,NULL,'HOME','Y'),
(2019,14,'PD','CAF',24,29,'SEASON','REGULAR',NULL,NULL,'HOME','Y'),
(2019,15,'SKY','TIZ',31,57,'DIVISIONAL','REGULAR',NULL,NULL,'HOME','Y'),
(2019,15,'VIL','TRO',54,38,'DIVISIONAL','REGULAR',NULL,NULL,'GUEST','Y'),
(2019,15,'PAT','GOA',39,67,'DIVISIONAL','REGULAR',NULL,NULL,'HOME','Y'),
(2019,15,'BRO','GAN',22,51,'DIVISIONAL','REGULAR',NULL,NULL,'HOME','Y'),
(2019,16,'VIL','TIZ',28,37,'CONFERENCE_FINAL','REGULAR',NULL,NULL,'HOME','Y'),
(2019,16,'GOA','GAN',56,34,'CONFERENCE_FINAL','REGULAR',NULL,NULL,'GUEST','Y'),
(2019,17,'GOA','TIZ',27,54,'NOPAL_BOWL','REGULAR',NULL,NULL,'HOME','N');
/*!40000 ALTER TABLE `matches` ENABLE KEYS */;
UNLOCK TABLES;

--
-- Table structure for table `teams`
--

DROP TABLE IF EXISTS `teams`;
/*!40101 SET @saved_cs_client     = @@character_set_client */;
/*!40101 SET character_set_client = utf8 */;
CREATE TABLE `teams` (
  `id` varchar(255) NOT NULL,
  `team_name` varchar(255) NOT NULL,
  `division_id` varchar(255) NOT NULL,
  `town` varchar(255) NOT NULL,
  `deleted_at` timestamp NULL DEFAULT NULL
) ENGINE=MyISAM DEFAULT CHARSET=utf8mb4 COLLATE=utf8mb4_unicode_ci;
/*!40101 SET character_set_client = @saved_cs_client */;

--
-- Dumping data for table `teams`
--

LOCK TABLES `teams` WRITE;
/*!40000 ALTER TABLE `teams` DISABLE KEYS */;
/*!40000 ALTER TABLE `teams` ENABLE KEYS */;
UNLOCK TABLES;

--
-- Table structure for table `temp_matches`
--

DROP TABLE IF EXISTS `temp_matches`;
/*!40101 SET @saved_cs_client     = @@character_set_client */;
/*!40101 SET character_set_client = utf8 */;
CREATE TABLE `temp_matches` (
  `id` smallint(6) DEFAULT NULL,
  `season_id` smallint(6) DEFAULT NULL,
  `week` tinyint(4) DEFAULT NULL,
  `guest_team` varchar(3) DEFAULT NULL,
  `home_team` varchar(3) DEFAULT NULL,
  `scope` enum('D','C','L') DEFAULT NULL
) ENGINE=InnoDB DEFAULT CHARSET=latin1 COLLATE=latin1_swedish_ci;
/*!40101 SET character_set_client = @saved_cs_client */;

--
-- Dumping data for table `temp_matches`
--

LOCK TABLES `temp_matches` WRITE;
/*!40000 ALTER TABLE `temp_matches` DISABLE KEYS */;
INSERT INTO `temp_matches` VALUES
(1,2024,14,'GAN','PIR','D'),
(2,2024,11,'CHA','PIR','D'),
(3,2024,12,'GT','PIR','D'),
(4,2024,4,'PIR','GAN','D'),
(5,2024,7,'CHA','GAN','D'),
(6,2024,13,'GT','GAN','D'),
(7,2024,13,'PIR','CHA','D'),
(8,2024,9,'GAN','CHA','D'),
(9,2024,4,'GT','CHA','D'),
(10,2024,9,'PIR','GT','D'),
(11,2024,5,'GAN','GT','D'),
(12,2024,14,'CHA','GT','D'),
(13,2024,14,'GOA','PAT','D'),
(14,2024,12,'BRO','PAT','D'),
(15,2024,2,'SAL','PAT','D'),
(16,2024,9,'PAT','GOA','D'),
(17,2024,4,'BRO','GOA','D'),
(18,2024,13,'SAL','GOA','D'),
(19,2024,13,'PAT','BRO','D'),
(20,2024,10,'GOA','BRO','D'),
(21,2024,6,'SAL','BRO','D'),
(22,2024,4,'PAT','SAL','D'),
(23,2024,11,'GOA','SAL','D'),
(24,2024,14,'BRO','SAL','D'),
(25,2024,14,'VIL','TRO','D'),
(26,2024,6,'ARR','TRO','D'),
(27,2024,12,'GUE','TRO','D'),
(28,2024,10,'TRO','VIL','D'),
(29,2024,1,'ARR','VIL','D'),
(30,2024,13,'GUE','VIL','D'),
(31,2024,13,'TRO','ARR','D'),
(32,2024,2,'VIL','ARR','D'),
(33,2024,10,'GUE','ARR','D'),
(34,2024,4,'TRO','GUE','D'),
(35,2024,6,'VIL','GUE','D'),
(36,2024,14,'ARR','GUE','D'),
(37,2024,10,'TIZ','COL','D'),
(38,2024,13,'SKY','COL','D'),
(39,2024,7,'HAM','COL','D'),
(40,2024,14,'COL','TIZ','D'),
(41,2024,12,'SKY','TIZ','D'),
(42,2024,6,'HAM','TIZ','D'),
(43,2024,1,'COL','SKY','D'),
(44,2024,5,'TIZ','SKY','D'),
(45,2024,14,'HAM','SKY','D'),
(46,2024,9,'COL','HAM','D'),
(47,2024,13,'TIZ','HAM','D'),
(48,2024,4,'SKY','HAM','D'),
(49,2024,1,'PIR','PAT','C'),
(50,2024,6,'GOA','PIR','C'),
(51,2024,7,'PIR','BRO','C'),
(52,2024,8,'SAL','PIR','C'),
(53,2024,10,'GAN','PAT','C'),
(54,2024,2,'GOA','GAN','C'),
(55,2024,1,'GAN','BRO','C'),
(56,2024,3,'SAL','GAN','C'),
(57,2024,6,'PAT','CHA','C'),
(58,2024,5,'CHA','GOA','C'),
(59,2024,3,'BRO','CHA','C'),
(60,2024,10,'CHA','SAL','C'),
(61,2024,3,'PAT','GT','C'),
(62,2024,8,'GT','GOA','C'),
(63,2024,2,'BRO','GT','C'),
(64,2024,1,'GT','SAL','C'),
(65,2024,11,'COL','TRO','C'),
(66,2024,3,'TIZ','TRO','C'),
(67,2024,8,'TRO','SKY','C'),
(68,2024,2,'TRO','HAM','C'),
(69,2024,3,'COL','VIL','C'),
(70,2024,4,'TIZ','VIL','C'),
(71,2024,11,'VIL','SKY','C'),
(72,2024,8,'VIL','HAM','C'),
(73,2024,4,'ARR','COL','C'),
(74,2024,9,'ARR','TIZ','C'),
(75,2024,3,'SKY','ARR','C'),
(76,2024,5,'HAM','ARR','C'),
(77,2024,2,'GUE','COL','C'),
(78,2024,7,'GUE','TIZ','C'),
(79,2024,9,'SKY','GUE','C'),
(80,2024,1,'HAM','GUE','C'),
(81,2024,5,'COL','PIR','L'),
(82,2024,2,'TIZ','PIR','L'),
(83,2024,10,'PIR','SKY','L'),
(84,2024,3,'PIR','HAM','L'),
(85,2024,12,'COL','GAN','L'),
(86,2024,8,'TIZ','GAN','L'),
(87,2024,6,'GAN','SKY','L'),
(88,2024,11,'GAN','HAM','L'),
(89,2024,8,'CHA','COL','L'),
(90,2024,1,'CHA','TIZ','L'),
(91,2024,2,'SKY','CHA','L'),
(92,2024,12,'HAM','CHA','L'),
(93,2024,6,'GT','COL','L'),
(94,2024,11,'GT','TIZ','L'),
(95,2024,7,'SKY','GT','L'),
(96,2024,10,'HAM','GT','L'),
(97,2024,7,'PAT','TRO','L'),
(98,2024,5,'PAT','VIL','L'),
(99,2024,8,'ARR','PAT','L'),
(100,2024,11,'GUE','PAT','L'),
(101,2024,1,'TRO','GOA','L'),
(102,2024,12,'VIL','GOA','L'),
(103,2024,7,'GOA','ARR','L'),
(104,2024,3,'GOA','GUE','L'),
(105,2024,5,'BRO','TRO','L'),
(106,2024,9,'BRO','VIL','L'),
(107,2024,11,'ARR','BRO','L'),
(108,2024,8,'GUE','BRO','L'),
(109,2024,9,'TRO','SAL','L'),
(110,2024,7,'VIL','SAL','L'),
(111,2024,12,'SAL','ARR','L'),
(112,2024,5,'SAL','GUE','L');
/*!40000 ALTER TABLE `temp_matches` ENABLE KEYS */;
UNLOCK TABLES;
/*!40103 SET TIME_ZONE=@OLD_TIME_ZONE */;

/*!40101 SET SQL_MODE=@OLD_SQL_MODE */;
/*!40014 SET FOREIGN_KEY_CHECKS=@OLD_FOREIGN_KEY_CHECKS */;
/*!40014 SET UNIQUE_CHECKS=@OLD_UNIQUE_CHECKS */;
/*!40101 SET CHARACTER_SET_CLIENT=@OLD_CHARACTER_SET_CLIENT */;
/*!40101 SET CHARACTER_SET_RESULTS=@OLD_CHARACTER_SET_RESULTS */;
/*!40101 SET COLLATION_CONNECTION=@OLD_COLLATION_CONNECTION */;
/*!40111 SET SQL_NOTES=@OLD_SQL_NOTES */;

-- Dump completed on 2024-11-05 19:07:20
